district_name,region_name,voters,elegible_voters,population,participation_rate,unassigned_seats,Progressive Party_votes,Progressive Party_seats,Progressive Party_valid_percentage,Woke Party_votes,Woke Party_seats,Woke Party_valid_percentage,Blank votes_votes,Blank votes_seats,Blank votes_valid_percentage,Null votes_votes,Null votes_seats
Chofle,Chofle,288237,304921,391966,0.9452841883635433,0,141743,25,0.4926712616830551,145420,25,0.5054518027271179,540,0,0.001876935589827009,534,0
Electoral District 1,Chofle,5650,6082,7942,0.9289707333114107,0,2995,1,0.5313109810182721,2634,0,0.46726982437466735,8,0,0.0014191946070604932,13,0
Electoral District 2,Chofle,5755,6081,7753,0.9463903963163953,0,3078,1,0.5360501567398119,2648,0,0.4611633577150819,16,0,0.002786485545106235,13,0
Electoral District 3,Chofle,5320,5657,7438,0.9404277885805197,0,2276,0,0.42886753344639156,3023,1,0.5696250235537968,8,0,0.0015074429998115696,13,0
Electoral District 4,Chofle,5735,6093,7905,0.9412440505498113,0,3335,1,0.5826345213137666,2383,0,0.4163172606568833,6,0,0.0010482180293501049,11,0
Electoral District 5,Chofle,5540,5863,7675,0.9449087497867986,0,2708,0,0.48995838610457754,2808,1,0.5080513841143477,11,0,0.001990229781074724,13,0
Electoral District 6,Chofle,5856,6114,7837,0.957801766437684,0,2607,0,0.44571721661822533,3233,1,0.5527440588134724,9,0,0.001538724568302274,7,0
Electoral District 7,Chofle,5289,5488,7031,0.9637390670553936,0,2832,1,0.5359576078728236,2443,0,0.46233913701741103,9,0,0.0017032551097653293,5,0
Electoral District 8,Chofle,6318,6628,8222,0.9532287266143633,0,2831,0,0.44886633898842554,3463,1,0.5490724591723481,13,0,0.0020612018392262565,11,0
Electoral District 9,Chofle,5747,6119,7857,0.93920575257395,0,3261,1,0.5683164865806901,2464,0,0.4294179156500523,13,0,0.002265597769257581,9,0
Electoral District 10,Chofle,4103,4357,5490,0.941703006655956,0,1987,0,0.48498901635342934,2101,1,0.5128142543324383,9,0,0.002196729314132292,6,0
Electoral District 11,Chofle,6257,6490,8473,0.9640986132511556,0,2969,0,0.47557264135832134,3265,1,0.5229857440333173,9,0,0.0014416146083613647,14,0
Electoral District 12,Chofle,7222,7507,9402,0.9620354335953111,0,2881,0,0.39936235098419737,4314,1,0.5980038813418354,19,0,0.002633767673967286,8,0
Electoral District 13,Chofle,6196,6624,8511,0.9353864734299517,0,3559,1,0.5761696616480492,2605,0,0.4217257568398899,13,0,0.002104581512060871,19,0
Electoral District 14,Chofle,5930,6198,7867,0.9567602452404002,0,3104,1,0.5250338294993234,2799,0,0.47344384303112313,9,0,0.0015223274695534506,18,0
Electoral District 15,Chofle,5997,6271,8268,0.9563068091213522,0,2554,0,0.42616385783413985,3427,1,0.571833806107125,12,0,0.002002336058735191,4,0
Electoral District 16,Chofle,6015,6445,8107,0.9332816136539953,0,2954,0,0.49184149184149184,3045,1,0.506993006993007,7,0,0.0011655011655011655,9,0
Electoral District 17,Chofle,6048,6356,8005,0.9515418502202643,0,2289,0,0.3790990394170255,3738,1,0.6190791652865187,11,0,0.00182179529645578,10,0
Electoral District 18,Chofle,5182,5485,6827,0.9447584320875114,0,2931,1,0.5668149294140399,2231,0,0.4314445948559273,9,0,0.0017404757300328757,11,0
Electoral District 19,Chofle,6105,6559,8526,0.9307821314224729,0,3430,1,0.5633108884874364,2646,0,0.43455411397602234,13,0,0.002134997536541304,16,0
Electoral District 20,Chofle,6667,7157,9200,0.9315355595920078,0,3628,1,0.5451540195341849,3018,0,0.45349361382419234,9,0,0.00135236664162284,12,0
Electoral District 21,Chofle,5536,5890,7456,0.9398981324278438,0,2853,1,0.5162866449511401,2662,0,0.48172276511038725,11,0,0.0019905899384726746,10,0
Electoral District 22,Chofle,5958,6151,7914,0.9686229881320111,0,3561,1,0.5989907485281749,2368,0,0.3983179142136249,16,0,0.002691337258200168,13,0
Electoral District 23,Chofle,5608,6005,7584,0.9338884263114071,0,2450,0,0.4375,3140,1,0.5607142857142857,10,0,0.0017857142857142857,8,0
Electoral District 24,Chofle,5476,5793,7533,0.9452787847402037,0,2938,1,0.5376029277218665,2512,0,0.4596523330283623,15,0,0.0027447392497712718,11,0
Electoral District 25,Chofle,5947,6290,7939,0.9454689984101748,0,2840,0,0.4785172704296546,3089,1,0.5204717775905644,6,0,0.0010109519797809603,12,0
Electoral District 26,Chofle,4994,5300,6781,0.9422641509433962,0,2539,1,0.5096346848655159,2435,0,0.48875953432356484,8,0,0.0016057808109193096,12,0
Electoral District 27,Chofle,6204,6528,8475,0.9503676470588235,0,3074,0,0.49628672909267035,3106,1,0.5014530190506942,14,0,0.0022602518566354536,10,0
Electoral District 28,Chofle,5682,5922,7467,0.9594731509625126,0,3231,1,0.5693392070484582,2434,0,0.4288986784140969,10,0,0.001762114537444934,7,0
Electoral District 29,Chofle,6315,6710,8876,0.9411326378539493,0,2568,0,0.4072312083729781,3726,1,0.5908658420551856,12,0,0.0019029495718363464,9,0
Electoral District 30,Chofle,6183,6645,8427,0.9304740406320542,0,3247,1,0.5262560777957861,2911,0,0.4717990275526742,12,0,0.0019448946515397082,13,0
Electoral District 31,Chofle,5641,6031,7519,0.9353341071132483,0,3228,1,0.5728482697426797,2398,0,0.42555456965394856,9,0,0.0015971606033717836,6,0
Electoral District 32,Chofle,5979,6147,7861,0.9726695949243533,0,2947,0,0.4942143216501761,3008,1,0.5044440717759517,8,0,0.001341606573872212,16,0
Electoral District 33,Chofle,5604,5908,7704,0.9485443466486121,0,2331,0,0.41654753395282346,3260,1,0.5825589706933524,5,0,0.0008934953538241601,8,0
Electoral District 34,Chofle,5930,6334,8216,0.9362172402904957,0,2261,0,0.3819902010474742,3645,1,0.6158134820070958,13,0,0.002196316945429971,11,0
Electoral District 35,Chofle,5765,6188,8180,0.9316418875242405,0,2870,1,0.499217255174813,2866,0,0.498521481996869,13,0,0.0022612628283179685,16,0
Electoral District 36,Chofle,5642,5977,7682,0.9439518152919525,0,2194,0,0.38921412098634023,3431,1,0.608657087103069,12,0,0.0021287919105907396,5,0
Electoral District 37,Chofle,5017,5379,7112,0.9327012455846811,0,1974,0,0.39369764658954925,3032,1,0.6047068209014759,8,0,0.0015955325089748703,3,0
Electoral District 38,Chofle,5939,6319,8177,0.9398639025162209,0,2180,0,0.3676842637881599,3742,1,0.6311350986675662,7,0,0.0011806375442739079,10,0
Electoral District 39,Chofle,5402,5730,7503,0.9427574171029668,0,3033,1,0.5621872103799814,2354,0,0.43632993512511586,8,0,0.0014828544949026877,7,0
Electoral District 40,Chofle,5815,6066,7655,0.9586218265743488,0,3325,1,0.573177038441648,2468,0,0.4254438889846578,8,0,0.0013790725736941907,14,0
Electoral District 41,Chofle,6387,6907,8944,0.9247140582018243,0,2865,0,0.44990577889447236,3490,1,0.5480527638190955,13,0,0.002041457286432161,19,0
Electoral District 42,Chofle,6231,6578,8319,0.9472484037701429,0,2450,0,0.39395401189901913,3760,1,0.6045988100980865,9,0,0.001447178002894356,12,0
Electoral District 43,Chofle,4483,4728,6384,0.948181049069374,0,2233,0,0.4988829311885612,2234,1,0.499106344950849,9,0,0.0020107238605898124,7,0
Electoral District 44,Chofle,5581,5847,7632,0.9545065845732854,0,2970,1,0.5336927223719676,2578,0,0.4632524707996406,17,0,0.003054806828391734,16,0
Electoral District 45,Chofle,5993,6406,8152,0.9355291913830783,0,3150,1,0.5268439538384345,2813,0,0.47048001338016393,16,0,0.002676032781401572,14,0
Electoral District 46,Chofle,6177,6513,8140,0.9484108705665591,0,3533,1,0.5729808627959779,2618,0,0.42458644177748944,15,0,0.002432695426532598,11,0
Electoral District 47,Chofle,5331,5698,7528,0.9355914355914355,0,2862,1,0.5377677564825254,2450,0,0.4603532506576475,10,0,0.0018789928598271326,9,0
Electoral District 48,Chofle,5846,6144,8015,0.9514973958333334,0,2514,0,0.4303320780554605,3322,1,0.5686408764121876,6,0,0.0010270455323519343,4,0
Electoral District 49,Chofle,5137,5367,6883,0.9571455189118688,0,2344,0,0.45700916357964516,2773,1,0.540651199064145,12,0,0.0023396373562097877,8,0
Electoral District 50,Chofle,5502,5846,7572,0.9411563462196374,0,2969,1,0.5407029684938991,2507,0,0.45656528865416135,15,0,0.0027317428519395373,11,0
HotC_blocks_2025_303,Electoral District 1,1004,1086,1378,0.9244935543278084,0,479,0,0.479,519,0,0.519,2,0,0.002,4,0
HotC_blocks_2025_313,Electoral District 1,1065,1112,1442,0.9577338129496403,0,710,0,0.6672932330827067,353,0,0.3317669172932331,1,0,0.0009398496240601503,1,0
HotC_blocks_2025_314,Electoral District 1,842,908,1166,0.9273127753303965,0,534,0,0.6349583828775267,306,0,0.3638525564803805,1,0,0.0011890606420927466,1,0
HotC_blocks_2025_315,Electoral District 1,982,1081,1439,0.9084181313598519,0,442,0,0.4505606523955148,536,0,0.54638124362895,3,0,0.0030581039755351682,1,0
HotC_blocks_2025_316,Electoral District 1,1012,1075,1475,0.9413953488372093,0,404,0,0.400396432111001,604,0,0.5986124876114965,1,0,0.0009910802775024777,3,0
HotC_blocks_2025_317,Electoral District 1,745,820,1042,0.9085365853658537,0,426,0,0.5741239892183289,316,0,0.42587601078167114,0,0,0.0,3,0
HotC_blocks_2025_199,Electoral District 2,896,942,1243,0.9511677282377919,0,412,0,0.46033519553072627,481,0,0.5374301675977654,2,0,0.0022346368715083797,1,0
HotC_blocks_2025_210,Electoral District 2,706,745,989,0.9476510067114094,0,372,0,0.5284090909090909,331,0,0.47017045454545453,1,0,0.0014204545454545455,2,0
HotC_blocks_2025_211,Electoral District 2,986,1082,1357,0.911275415896488,0,525,0,0.5324543610547667,458,0,0.4645030425963489,3,0,0.0030425963488843813,0,0
HotC_blocks_2025_212,Electoral District 2,637,694,934,0.9178674351585014,0,300,0,0.47244094488188976,332,0,0.5228346456692914,3,0,0.004724409448818898,2,0
HotC_blocks_2025_305,Electoral District 2,815,832,1020,0.9795673076923077,0,486,0,0.5985221674876847,323,0,0.3977832512315271,3,0,0.003694581280788177,3,0
HotC_blocks_2025_311,Electoral District 2,852,912,1093,0.9342105263157895,0,450,0,0.5300353356890459,396,0,0.4664310954063604,3,0,0.0035335689045936395,3,0
HotC_blocks_2025_312,Electoral District 2,863,874,1117,0.9874141876430206,0,533,0,0.6190476190476191,327,0,0.3797909407665505,1,0,0.0011614401858304297,2,0
HotC_blocks_2025_204,Electoral District 3,949,968,1339,0.9803719008264463,0,499,0,0.5258166491043204,450,0,0.47418335089567965,0,0,0.0,0,0
HotC_blocks_2025_205,Electoral District 3,862,942,1227,0.9150743099787686,0,287,0,0.3333333333333333,572,0,0.6643437862950058,2,0,0.0023228803716608595,1,0
HotC_blocks_2025_206,Electoral District 3,897,973,1313,0.9218910585817061,0,437,0,0.48936170212765956,455,0,0.509518477043673,1,0,0.0011198208286674132,4,0
HotC_blocks_2025_308,Electoral District 3,921,1016,1345,0.906496062992126,0,477,0,0.5196078431372549,437,0,0.4760348583877996,4,0,0.004357298474945534,3,0
HotC_blocks_2025_309,Electoral District 3,948,995,1245,0.9527638190954774,0,288,0,0.3044397463002114,658,0,0.6955602536997886,0,0,0.0,2,0
HotC_blocks_2025_310,Electoral District 3,743,763,969,0.9737876802096985,0,288,0,0.3891891891891892,451,0,0.6094594594594595,1,0,0.0013513513513513514,3,0
HotC_blocks_2025_288,Electoral District 4,775,848,1101,0.9139150943396226,0,394,0,0.5090439276485789,380,0,0.4909560723514212,0,0,0.0,1,0
HotC_blocks_2025_289,Electoral District 4,749,767,1071,0.9765319426336375,0,394,0,0.5260347129506008,354,0,0.472630173564753,1,0,0.0013351134846461949,0,0
HotC_blocks_2025_290,Electoral District 4,760,820,1049,0.926829268292683,0,490,0,0.6447368421052632,270,0,0.35526315789473684,0,0,0.0,0,0
HotC_blocks_2025_291,Electoral District 4,749,804,1002,0.931592039800995,0,512,0,0.6854082998661312,235,0,0.31459170013386883,0,0,0.0,2,0
HotC_blocks_2025_304,Electoral District 4,716,773,999,0.926261319534282,0,470,0,0.6591865357643759,243,0,0.34081346423562414,0,0,0.0,3,0
HotC_blocks_2025_306,Electoral District 4,1026,1107,1469,0.926829268292683,0,588,0,0.5736585365853658,433,0,0.4224390243902439,4,0,0.003902439024390244,1,0
HotC_blocks_2025_307,Electoral District 4,960,974,1214,0.9856262833675564,0,487,0,0.5094142259414226,468,0,0.4895397489539749,1,0,0.0010460251046025104,4,0
HotC_blocks_2025_233,Electoral District 5,787,839,1098,0.9380214541120382,0,435,0,0.5555555555555556,347,0,0.44316730523627074,1,0,0.001277139208173691,4,0
HotC_blocks_2025_239,Electoral District 5,1180,1242,1547,0.9500805152979066,0,675,0,0.5739795918367347,500,0,0.42517006802721086,1,0,0.0008503401360544217,4,0
HotC_blocks_2025_240,Electoral District 5,898,929,1223,0.9666307857911733,0,324,0,0.36160714285714285,569,0,0.6350446428571429,3,0,0.0033482142857142855,2,0
HotC_blocks_2025_241,Electoral District 5,1073,1149,1498,0.9338555265448216,0,431,0,0.4016775396085741,639,0,0.5955265610438024,3,0,0.0027958993476234857,0,0
HotC_blocks_2025_242,Electoral District 5,862,882,1144,0.9773242630385488,0,434,0,0.5046511627906977,424,0,0.4930232558139535,2,0,0.002325581395348837,2,0
HotC_blocks_2025_302,Electoral District 5,740,822,1165,0.9002433090024331,0,409,0,0.5534506089309879,329,0,0.44519621109607577,1,0,0.0013531799729364006,1,0
HotC_blocks_2025_195,Electoral District 6,1015,1057,1370,0.9602649006622517,0,448,0,0.4413793103448276,565,0,0.5566502463054187,2,0,0.0019704433497536944,0,0
HotC_blocks_2025_196,Electoral District 6,682,755,1009,0.9033112582781457,0,324,0,0.47577092511013214,356,0,0.5227606461086637,1,0,0.0014684287812041115,1,0
HotC_blocks_2025_213,Electoral District 6,812,871,1154,0.9322617680826636,0,400,0,0.4932182490752158,410,0,0.5055487053020962,1,0,0.0012330456226880395,1,0
HotC_blocks_2025_214,Electoral District 6,1069,1082,1343,0.987985212569316,0,501,0,0.46954076850984067,564,0,0.528584817244611,2,0,0.0018744142455482662,2,0
HotC_blocks_2025_215,Electoral District 6,799,816,1025,0.9791666666666666,0,233,0,0.29234629861982436,563,0,0.7063989962358845,1,0,0.0012547051442910915,2,0
HotC_blocks_2025_300,Electoral District 6,765,790,998,0.9683544303797469,0,325,0,0.42483660130718953,440,0,0.5751633986928104,0,0,0.0,0,0
HotC_blocks_2025_301,Electoral District 6,714,743,938,0.9609690444145357,0,376,0,0.5273492286115007,335,0,0.46984572230014027,2,0,0.002805049088359046,1,0
HotC_blocks_2025_237,Electoral District 7,907,965,1235,0.9398963730569948,0,391,0,0.4310915104740904,516,0,0.5689084895259096,0,0,0.0,0,0
HotC_blocks_2025_238,Electoral District 7,1079,1105,1454,0.9764705882352941,0,606,0,0.5642458100558659,465,0,0.4329608938547486,3,0,0.002793296089385475,5,0
HotC_blocks_2025_244,Electoral District 7,788,801,1088,0.9837702871410736,0,439,0,0.5571065989847716,347,0,0.4403553299492386,2,0,0.0025380710659898475,0,0
HotC_blocks_2025_297,Electoral District 7,740,760,1034,0.9736842105263158,0,354,0,0.4783783783783784,385,0,0.5202702702702703,1,0,0.0013513513513513514,0,0
HotC_blocks_2025_298,Electoral District 7,811,844,1028,0.9609004739336493,0,425,0,0.5240443896424167,384,0,0.47348951911220716,2,0,0.002466091245376079,0,0
HotC_blocks_2025_299,Electoral District 7,964,1013,1192,0.9516288252714709,0,617,0,0.6400414937759336,346,0,0.35892116182572614,1,0,0.001037344398340249,0,0
HotC_blocks_2025_260,Electoral District 8,1201,1219,1512,0.985233798195242,0,553,0,0.46160267111853087,643,0,0.5367278797996661,2,0,0.001669449081803005,3,0
HotC_blocks_2025_269,Electoral District 8,1187,1222,1454,0.9713584288052373,0,403,0,0.3403716216216216,779,0,0.6579391891891891,2,0,0.0016891891891891893,3,0
HotC_blocks_2025_293,Electoral District 8,1172,1248,1534,0.9391025641025641,0,597,0,0.5098206660973527,574,0,0.4901793339026473,0,0,0.0,1,0
HotC_blocks_2025_294,Electoral District 8,774,812,1080,0.9532019704433498,0,413,0,0.5335917312661499,358,0,0.4625322997416021,3,0,0.003875968992248062,0,0
HotC_blocks_2025_295,Electoral District 8,1049,1101,1379,0.9527702089009991,0,581,0,0.5543893129770993,462,0,0.44083969465648853,5,0,0.004770992366412214,1,0
HotC_blocks_2025_296,Electoral District 8,935,1026,1263,0.9113060428849903,0,284,0,0.30472103004291845,647,0,0.694206008583691,1,0,0.001072961373390558,3,0
HotC_blocks_2025_268,Electoral District 9,1046,1132,1376,0.9240282685512368,0,611,0,0.584688995215311,432,0,0.4133971291866029,2,0,0.0019138755980861245,1,0
HotC_blocks_2025_274,Electoral District 9,843,881,1161,0.9568671963677639,0,480,0,0.5700712589073634,360,0,0.42755344418052255,2,0,0.0023752969121140144,1,0
HotC_blocks_2025_278,Electoral District 9,1105,1177,1515,0.9388275276125744,0,660,0,0.5972850678733032,442,0,0.4,3,0,0.0027149321266968325,0,0
HotC_blocks_2025_279,Electoral District 9,691,758,1050,0.9116094986807388,0,427,0,0.6197387518142236,260,0,0.37735849056603776,2,0,0.002902757619738752,2,0
HotC_blocks_2025_280,Electoral District 9,1192,1211,1474,0.9843104872006606,0,594,0,0.5,592,0,0.4983164983164983,2,0,0.0016835016835016834,4,0
HotC_blocks_2025_292,Electoral District 9,870,960,1281,0.90625,0,489,0,0.5627157652474108,378,0,0.43498273878020716,2,0,0.0023014959723820483,1,0
HotC_blocks_2025_284,Electoral District 10,1020,1082,1384,0.9426987060998152,0,449,0,0.44062806673209026,569,0,0.5583905789990187,1,0,0.0009813542688910696,1,0
HotC_blocks_2025_285,Electoral District 10,1036,1070,1361,0.9682242990654205,0,538,0,0.5198067632850242,496,0,0.4792270531400966,1,0,0.000966183574879227,1,0
HotC_blocks_2025_286,Electoral District 10,1150,1255,1489,0.9163346613545816,0,672,0,0.5858761987794245,471,0,0.4106364428945074,4,0,0.0034873583260680036,3,0
HotC_blocks_2025_287,Electoral District 10,897,950,1256,0.9442105263157895,0,328,0,0.36607142857142855,565,0,0.6305803571428571,3,0,0.0033482142857142855,1,0
HotC_blocks_2025_273,Electoral District 11,806,838,1143,0.9618138424821002,0,253,0,0.31389578163771714,553,0,0.6861042183622829,0,0,0.0,0,0
HotC_blocks_2025_275,Electoral District 11,982,1016,1434,0.9665354330708661,0,432,0,0.44081632653061226,546,0,0.5571428571428572,2,0,0.0020408163265306124,2,0
HotC_blocks_2025_276,Electoral District 11,1031,1044,1378,0.9875478927203065,0,625,0,0.6085686465433301,400,0,0.3894839337877313,2,0,0.0019474196689386564,4,0
HotC_blocks_2025_277,Electoral District 11,690,739,957,0.9336941813261164,0,281,0,0.4090247452692867,405,0,0.5895196506550219,1,0,0.001455604075691412,3,0
HotC_blocks_2025_281,Electoral District 11,751,817,1028,0.9192166462668299,0,392,0,0.521970705725699,358,0,0.4766977363515313,1,0,0.0013315579227696406,0,0
HotC_blocks_2025_282,Electoral District 11,727,749,995,0.9706275033377837,0,257,0,0.35399449035812675,469,0,0.6460055096418733,0,0,0.0,1,0
HotC_blocks_2025_283,Electoral District 11,1270,1287,1538,0.9867909867909868,0,729,0,0.5758293838862559,534,0,0.4218009478672986,3,0,0.002369668246445498,4,0
HotC_blocks_2025_245,Electoral District 12,1022,1106,1536,0.9240506329113924,0,403,0,0.39509803921568626,612,0,0.6,5,0,0.004901960784313725,2,0
HotC_blocks_2025_261,Electoral District 12,991,1019,1320,0.97252208047105,0,498,0,0.5025227043390514,492,0,0.496468213925328,1,0,0.0010090817356205853,0,0
HotC_blocks_2025_262,Electoral District 12,1224,1276,1497,0.9592476489028213,0,397,0,0.3248772504091653,822,0,0.6726677577741408,3,0,0.0024549918166939444,2,0
HotC_blocks_2025_263,Electoral District 12,977,1017,1252,0.960668633235005,0,398,0,0.40736949846468784,575,0,0.5885363357215967,4,0,0.0040941658137154556,0,0
HotC_blocks_2025_270,Electoral District 12,994,1024,1250,0.970703125,0,461,0,0.4647177419354839,525,0,0.5292338709677419,6,0,0.006048387096774193,2,0
HotC_blocks_2025_271,Electoral District 12,1103,1130,1440,0.9761061946902655,0,430,0,0.39019963702359345,672,0,0.6098003629764065,0,0,0.0,1,0
HotC_blocks_2025_272,Electoral District 12,911,935,1107,0.9743315508021391,0,294,0,0.3230769230769231,616,0,0.676923076923077,0,0,0.0,1,0
HotC_blocks_2025_222,Electoral District 13,986,1077,1335,0.9155060352831941,0,612,0,0.6232179226069247,367,0,0.37372708757637474,3,0,0.003054989816700611,4,0
HotC_blocks_2025_225,Electoral District 13,1072,1187,1419,0.9031171019376579,0,472,0,0.4411214953271028,598,0,0.5588785046728972,0,0,0.0,2,0
HotC_blocks_2025_226,Electoral District 13,724,775,992,0.9341935483870968,0,422,0,0.5861111111111111,296,0,0.4111111111111111,2,0,0.002777777777777778,4,0
HotC_blocks_2025_246,Electoral District 13,1050,1110,1485,0.9459459459459459,0,616,0,0.5889101338432122,429,0,0.4101338432122371,1,0,0.0009560229445506692,4,0
HotC_blocks_2025_265,Electoral District 13,695,716,979,0.9706703910614525,0,436,0,0.6291486291486291,256,0,0.3694083694083694,1,0,0.001443001443001443,2,0
HotC_blocks_2025_266,Electoral District 13,724,761,1007,0.9513797634691196,0,423,0,0.5858725761772853,296,0,0.4099722991689751,3,0,0.004155124653739612,2,0
HotC_blocks_2025_267,Electoral District 13,945,998,1294,0.9468937875751503,0,578,0,0.6122881355932204,363,0,0.3845338983050847,3,0,0.0031779661016949155,1,0
HotC_blocks_2025_224,Electoral District 14,943,983,1252,0.9593082400813835,0,560,0,0.5951115834218916,381,0,0.40488841657810837,0,0,0.0,2,0
HotC_blocks_2025_227,Electoral District 14,1128,1215,1461,0.928395061728395,0,589,0,0.5235555555555556,534,0,0.4746666666666667,2,0,0.0017777777777777779,3,0
HotC_blocks_2025_228,Electoral District 14,887,951,1201,0.9327024185068349,0,515,0,0.5839002267573696,366,0,0.41496598639455784,1,0,0.0011337868480725624,5,0
HotC_blocks_2025_235,Electoral District 14,934,946,1283,0.9873150105708245,0,437,0,0.4698924731182796,491,0,0.5279569892473118,2,0,0.002150537634408602,4,0
HotC_blocks_2025_236,Electoral District 14,914,944,1322,0.9682203389830508,0,552,0,0.6052631578947368,358,0,0.3925438596491228,2,0,0.0021929824561403508,2,0
HotC_blocks_2025_264,Electoral District 14,1124,1159,1348,0.9698015530629853,0,451,0,0.4019607843137255,669,0,0.5962566844919787,2,0,0.0017825311942959,2,0
HotC_blocks_2025_221,Electoral District 15,1053,1073,1478,0.9813606710158435,0,422,0,0.4007597340930674,628,0,0.5963912630579298,3,0,0.002849002849002849,0,0
HotC_blocks_2025_247,Electoral District 15,698,727,985,0.9601100412654745,0,230,0,0.32951289398280803,468,0,0.670487106017192,0,0,0.0,0,0
HotC_blocks_2025_248,Electoral District 15,737,801,1075,0.920099875156055,0,419,0,0.5692934782608695,316,0,0.42934782608695654,1,0,0.001358695652173913,1,0
HotC_blocks_2025_249,Electoral District 15,725,804,999,0.9017412935323383,0,208,0,0.2868965517241379,515,0,0.7103448275862069,2,0,0.002758620689655172,0,0
HotC_blocks_2025_251,Electoral District 15,1133,1146,1475,0.9886561954624782,0,541,0,0.47876106194690266,587,0,0.5194690265486726,2,0,0.0017699115044247787,3,0
HotC_blocks_2025_257,Electoral District 15,870,907,1144,0.9592061742006616,0,402,0,0.46206896551724136,466,0,0.535632183908046,2,0,0.0022988505747126436,0,0
HotC_blocks_2025_259,Electoral District 15,781,813,1112,0.9606396063960639,0,332,0,0.42509603072983354,447,0,0.5723431498079385,2,0,0.002560819462227913,0,0
HotC_blocks_2025_250,Electoral District 16,758,825,1109,0.9187878787878788,0,374,0,0.49340369393139843,383,0,0.5052770448548812,1,0,0.0013192612137203166,0,0
HotC_blocks_2025_252,Electoral District 16,1182,1244,1525,0.9501607717041801,0,582,0,0.49322033898305084,596,0,0.5050847457627119,2,0,0.001694915254237288,2,0
HotC_blocks_2025_253,Electoral District 16,751,809,962,0.9283065512978986,0,361,0,0.48133333333333334,389,0,0.5186666666666667,0,0,0.0,1,0
HotC_blocks_2025_254,Electoral District 16,681,747,944,0.9116465863453815,0,322,0,0.47352941176470587,358,0,0.5264705882352941,0,0,0.0,1,0
HotC_blocks_2025_255,Electoral District 16,842,905,1180,0.9303867403314917,0,434,0,0.5160523186682521,405,0,0.4815695600475624,2,0,0.0023781212841854932,1,0
HotC_blocks_2025_256,Electoral District 16,1162,1217,1430,0.9548069022185702,0,522,0,0.45038826574633306,636,0,0.548748921484038,1,0,0.0008628127696289905,3,0
HotC_blocks_2025_258,Electoral District 16,639,698,957,0.9154727793696275,0,359,0,0.5626959247648903,278,0,0.43573667711598746,1,0,0.001567398119122257,1,0
HotC_blocks_2025_216,Electoral District 17,701,734,924,0.9550408719346049,0,327,0,0.4684813753581662,370,0,0.5300859598853869,1,0,0.0014326647564469914,3,0
HotC_blocks_2025_217,Electoral District 17,1178,1193,1419,0.9874266554903605,0,339,0,0.28802039082412917,838,0,0.7119796091758709,0,0,0.0,1,0
HotC_blocks_2025_218,Electoral District 17,714,732,933,0.9754098360655737,0,268,0,0.3753501400560224,444,0,0.6218487394957983,2,0,0.0028011204481792717,0,0
HotC_blocks_2025_219,Electoral District 17,1015,1063,1296,0.9548447789275635,0,489,0,0.48320158102766797,520,0,0.5138339920948617,3,0,0.0029644268774703555,3,0
HotC_blocks_2025_220,Electoral District 17,717,796,995,0.9007537688442211,0,252,0,0.3514644351464435,464,0,0.6471408647140865,1,0,0.001394700139470014,0,0
HotC_blocks_2025_231,Electoral District 17,873,928,1184,0.9407327586206896,0,326,0,0.3742824339839265,542,0,0.6222732491389208,3,0,0.003444316877152698,2,0
HotC_blocks_2025_243,Electoral District 17,850,910,1254,0.9340659340659341,0,288,0,0.3392226148409894,560,0,0.6595995288574794,1,0,0.001177856301531213,1,0
HotC_blocks_2025_223,Electoral District 18,914,971,1206,0.94129763130793,0,499,0,0.5471491228070176,412,0,0.4517543859649123,1,0,0.0010964912280701754,2,0
HotC_blocks_2025_229,Electoral District 18,994,1053,1337,0.9439696106362773,0,595,0,0.6004036326942482,395,0,0.3985872855701312,1,0,0.0010090817356205853,3,0
HotC_blocks_2025_230,Electoral District 18,1169,1225,1542,0.9542857142857143,0,792,0,0.6798283261802575,371,0,0.3184549356223176,2,0,0.0017167381974248926,4,0
HotC_blocks_2025_232,Electoral District 18,1114,1139,1385,0.9780509218612818,0,520,0,0.46720575022461813,589,0,0.5292003593890386,4,0,0.0035938903863432167,1,0
HotC_blocks_2025_234,Electoral District 18,991,1097,1357,0.9033728350045579,0,525,0,0.5303030303030303,464,0,0.4686868686868687,1,0,0.00101010101010101,1,0
HotC_blocks_2025_194,Electoral District 19,703,778,977,0.903598971722365,0,497,0,0.7089871611982882,201,0,0.2867332382310984,3,0,0.0042796005706134095,2,0
HotC_blocks_2025_201,Electoral District 19,1005,1056,1480,0.9517045454545454,0,597,0,0.5952143569292123,405,0,0.4037886340977069,1,0,0.0009970089730807576,2,0
HotC_blocks_2025_202,Electoral District 19,892,988,1295,0.902834008097166,0,380,0,0.42696629213483145,509,0,0.5719101123595506,1,0,0.0011235955056179776,2,0
HotC_blocks_2025_203,Electoral District 19,876,909,1175,0.9636963696369637,0,364,0,0.4155251141552511,512,0,0.5844748858447488,0,0,0.0,0,0
HotC_blocks_2025_207,Electoral District 19,711,785,1008,0.9057324840764331,0,455,0,0.6417489421720733,251,0,0.3540197461212976,3,0,0.004231311706629055,2,0
HotC_blocks_2025_208,Electoral District 19,995,1085,1423,0.9170506912442397,0,495,0,0.5,492,0,0.49696969696969695,3,0,0.0030303030303030303,5,0
HotC_blocks_2025_209,Electoral District 19,923,958,1168,0.9634655532359081,0,642,0,0.6978260869565217,276,0,0.3,2,0,0.002173913043478261,3,0
HotC_blocks_2025_179,Electoral District 20,717,753,991,0.952191235059761,0,312,0,0.4351464435146444,404,0,0.5634588563458857,1,0,0.001394700139470014,0,0
HotC_blocks_2025_180,Electoral District 20,1155,1246,1538,0.9269662921348315,0,559,0,0.4860869565217391,590,0,0.5130434782608696,1,0,0.0008695652173913044,5,0
HotC_blocks_2025_181,Electoral District 20,680,754,1013,0.9018567639257294,0,327,0,0.48159057437407954,352,0,0.5184094256259205,0,0,0.0,1,0
HotC_blocks_2025_187,Electoral District 20,1000,1010,1288,0.9900990099009901,0,649,0,0.6496496496496497,348,0,0.3483483483483483,2,0,0.002002002002002002,1,0
HotC_blocks_2025_188,Electoral District 20,818,889,1131,0.9201349831271091,0,417,0,0.5104039167686658,398,0,0.48714810281517745,2,0,0.0024479804161566705,1,0
HotC_blocks_2025_189,Electoral District 20,709,762,980,0.9304461942257218,0,321,0,0.4533898305084746,386,0,0.5451977401129944,1,0,0.0014124293785310734,1,0
HotC_blocks_2025_191,Electoral District 20,912,1013,1294,0.9002961500493584,0,571,0,0.6281628162816282,336,0,0.3696369636963696,2,0,0.0022002200220022,3,0
HotC_blocks_2025_200,Electoral District 20,676,730,965,0.9260273972602739,0,472,0,0.6982248520710059,204,0,0.30177514792899407,0,0,0.0,0,0
HotC_blocks_2025_163,Electoral District 21,825,897,1150,0.919732441471572,0,329,0,0.3997569866342649,494,0,0.6002430133657352,0,0,0.0,2,0
HotC_blocks_2025_164,Electoral District 21,910,974,1190,0.9342915811088296,0,449,0,0.49503858875413453,457,0,0.503858875413451,1,0,0.0011025358324145535,3,0
HotC_blocks_2025_185,Electoral District 21,930,991,1245,0.9384460141271443,0,452,0,0.4870689655172414,474,0,0.5107758620689655,2,0,0.0021551724137931034,2,0
HotC_blocks_2025_186,Electoral District 21,896,986,1376,0.9087221095334685,0,477,0,0.5329608938547487,416,0,0.464804469273743,2,0,0.0022346368715083797,1,0
HotC_blocks_2025_197,Electoral District 21,1002,1055,1328,0.9497630331753555,0,548,0,0.5469061876247505,451,0,0.4500998003992016,3,0,0.0029940119760479044,0,0
HotC_blocks_2025_198,Electoral District 21,973,987,1167,0.9858156028368794,0,598,0,0.615859938208033,370,0,0.38105046343975285,3,0,0.003089598352214212,2,0
HotC_blocks_2025_182,Electoral District 22,1128,1146,1544,0.9842931937172775,0,633,0,0.5621669626998224,491,0,0.436056838365897,2,0,0.0017761989342806395,2,0
HotC_blocks_2025_183,Electoral District 22,896,906,1180,0.9889624724061811,0,543,0,0.6067039106145251,348,0,0.3888268156424581,4,0,0.004469273743016759,1,0
HotC_blocks_2025_184,Electoral District 22,1140,1176,1464,0.9693877551020408,0,639,0,0.5620052770448549,494,0,0.43447669305189096,4,0,0.003518029903254178,3,0
HotC_blocks_2025_190,Electoral District 22,951,1004,1186,0.9472111553784861,0,512,0,0.5395152792413066,436,0,0.4594309799789252,1,0,0.001053740779768177,2,0
HotC_blocks_2025_192,Electoral District 22,946,993,1319,0.9526686807653575,0,628,0,0.6652542372881356,314,0,0.3326271186440678,2,0,0.00211864406779661,2,0
HotC_blocks_2025_193,Electoral District 22,897,926,1221,0.968682505399568,0,606,0,0.6778523489932886,285,0,0.3187919463087248,3,0,0.003355704697986577,3,0
HotC_blocks_2025_169,Electoral District 23,979,996,1296,0.9829317269076305,0,434,0,0.4437627811860941,543,0,0.5552147239263804,1,0,0.0010224948875255625,1,0
HotC_blocks_2025_171,Electoral District 23,1028,1093,1392,0.9405306495882891,0,447,0,0.4352482960077897,579,0,0.563777994157741,1,0,0.0009737098344693282,1,0
HotC_blocks_2025_172,Electoral District 23,871,947,1248,0.9197465681098205,0,404,0,0.46490218642117376,462,0,0.5316455696202531,3,0,0.0034522439585730723,2,0
HotC_blocks_2025_173,Electoral District 23,888,957,1124,0.9278996865203761,0,384,0,0.43243243243243246,503,0,0.5664414414414415,1,0,0.0011261261261261261,0,0
HotC_blocks_2025_174,Electoral District 23,906,1005,1348,0.9014925373134328,0,377,0,0.41611479028697573,528,0,0.5827814569536424,1,0,0.0011037527593818985,0,0
HotC_blocks_2025_178,Electoral District 23,936,1007,1176,0.929493545183714,0,404,0,0.4334763948497854,525,0,0.5633047210300429,3,0,0.003218884120171674,4,0
HotC_blocks_2025_157,Electoral District 24,992,1059,1251,0.9367327667610954,0,604,0,0.6101010101010101,383,0,0.38686868686868686,3,0,0.0030303030303030303,2,0
HotC_blocks_2025_158,Electoral District 24,720,796,1017,0.9045226130653267,0,258,0,0.35833333333333334,462,0,0.6416666666666667,0,0,0.0,0,0
HotC_blocks_2025_162,Electoral District 24,1079,1115,1538,0.967713004484305,0,569,0,0.5297951582867784,502,0,0.46741154562383613,3,0,0.002793296089385475,5,0
HotC_blocks_2025_175,Electoral District 24,915,957,1189,0.9561128526645768,0,463,0,0.5071193866374589,448,0,0.49069003285870755,2,0,0.002190580503833516,2,0
HotC_blocks_2025_176,Electoral District 24,745,787,1010,0.9466327827191868,0,452,0,0.6075268817204301,291,0,0.3911290322580645,1,0,0.0013440860215053765,1,0
HotC_blocks_2025_177,Electoral District 24,1025,1079,1528,0.9499536607970342,0,592,0,0.578125,426,0,0.416015625,6,0,0.005859375,1,0
HotC_blocks_2025_166,Electoral District 25,742,778,994,0.9537275064267352,0,365,0,0.4939106901217862,373,0,0.5047361299052774,1,0,0.0013531799729364006,3,0
HotC_blocks_2025_170,Electoral District 25,739,756,944,0.9775132275132276,0,403,0,0.5453315290933695,334,0,0.4519621109607578,2,0,0.0027063599458728013,0,0
HotC_blocks_2025_68,Electoral District 25,754,809,1032,0.9320148331273177,0,415,0,0.5511288180610889,338,0,0.448871181938911,0,0,0.0,1,0
HotC_blocks_2025_69,Electoral District 25,967,1005,1260,0.9621890547263682,0,505,0,0.5233160621761658,459,0,0.47564766839378236,1,0,0.0010362694300518134,2,0
HotC_blocks_2025_82,Electoral District 25,936,974,1276,0.9609856262833676,0,342,0,0.36538461538461536,593,0,0.6335470085470085,1,0,0.0010683760683760685,0,0
HotC_blocks_2025_93,Electoral District 25,792,845,1068,0.9372781065088758,0,285,0,0.36075949367088606,505,0,0.6392405063291139,0,0,0.0,2,0
HotC_blocks_2025_94,Electoral District 25,1017,1123,1365,0.9056099732858415,0,525,0,0.5182625863770978,487,0,0.4807502467917078,1,0,0.0009871668311944718,4,0
HotC_blocks_2025_111,Electoral District 26,1053,1107,1373,0.9512195121951219,0,392,0,0.37333333333333335,657,0,0.6257142857142857,1,0,0.0009523809523809524,3,0
HotC_blocks_2025_113,Electoral District 26,736,813,1073,0.9052890528905289,0,373,0,0.5081743869209809,361,0,0.49182561307901906,0,0,0.0,2,0
HotC_blocks_2025_114,Electoral District 26,825,870,1121,0.9482758620689655,0,448,0,0.5436893203883495,376,0,0.4563106796116505,0,0,0.0,1,0
HotC_blocks_2025_115,Electoral District 26,774,807,1044,0.9591078066914498,0,428,0,0.5551232166018158,341,0,0.44228274967574577,2,0,0.0025940337224383916,3,0
HotC_blocks_2025_117,Electoral District 26,795,832,1101,0.9555288461538461,0,455,0,0.5730478589420654,338,0,0.4256926952141058,1,0,0.0012594458438287153,1,0
HotC_blocks_2025_168,Electoral District 26,811,871,1069,0.931113662456946,0,443,0,0.5475896168108776,362,0,0.44746600741656367,4,0,0.004944375772558714,2,0
HotC_blocks_2025_167,Electoral District 27,884,948,1246,0.9324894514767933,0,398,0,0.4502262443438914,482,0,0.5452488687782805,4,0,0.004524886877828055,0,0
HotC_blocks_2025_58,Electoral District 27,764,794,1037,0.9622166246851386,0,381,0,0.49934469200524245,382,0,0.5006553079947575,0,0,0.0,1,0
HotC_blocks_2025_59,Electoral District 27,775,796,996,0.9736180904522613,0,439,0,0.5679172056921087,332,0,0.4294954721862872,2,0,0.00258732212160414,2,0
HotC_blocks_2025_60,Electoral District 27,824,854,1181,0.9648711943793911,0,507,0,0.6167883211678832,314,0,0.3819951338199513,1,0,0.0012165450121654502,2,0
HotC_blocks_2025_83,Electoral District 27,743,823,1108,0.9027946537059538,0,416,0,0.5614035087719298,322,0,0.43454790823211875,3,0,0.004048582995951417,2,0
HotC_blocks_2025_84,Electoral District 27,1119,1162,1418,0.9629948364888123,0,463,0,0.41487455197132617,650,0,0.5824372759856631,3,0,0.002688172043010753,3,0
HotC_blocks_2025_85,Electoral District 27,1095,1151,1489,0.9513466550825369,0,470,0,0.4292237442922374,624,0,0.5698630136986301,1,0,0.0009132420091324201,0,0
HotC_blocks_2025_147,Electoral District 28,1011,1067,1328,0.9475164011246485,0,406,0,0.401980198019802,602,0,0.596039603960396,2,0,0.0019801980198019802,1,0
HotC_blocks_2025_148,Electoral District 28,1135,1165,1441,0.9742489270386266,0,520,0,0.4581497797356828,614,0,0.5409691629955947,1,0,0.000881057268722467,0,0
HotC_blocks_2025_159,Electoral District 28,1142,1167,1481,0.9785775492716366,0,745,0,0.6529360210341806,393,0,0.3444347063978966,3,0,0.0026292725679228747,1,0
HotC_blocks_2025_160,Electoral District 28,903,912,1176,0.9901315789473685,0,577,0,0.6425389755011136,320,0,0.35634743875278396,1,0,0.0011135857461024498,5,0
HotC_blocks_2025_161,Electoral District 28,745,808,997,0.9220297029702971,0,483,0,0.6483221476510067,260,0,0.348993288590604,2,0,0.0026845637583892616,0,0
HotC_blocks_2025_165,Electoral District 28,746,803,1044,0.9290161892901619,0,500,0,0.6702412868632708,245,0,0.3284182305630027,1,0,0.0013404825737265416,0,0
HotC_blocks_2025_128,Electoral District 29,938,1006,1363,0.9324055666003976,0,328,0,0.34968017057569295,608,0,0.6481876332622601,2,0,0.0021321961620469083,0,0
HotC_blocks_2025_129,Electoral District 29,864,883,1070,0.9784824462061155,0,328,0,0.38095238095238093,530,0,0.6155632984901278,3,0,0.003484320557491289,3,0
HotC_blocks_2025_145,Electoral District 29,813,850,1082,0.9564705882352941,0,365,0,0.44950738916256155,447,0,0.5504926108374384,0,0,0.0,1,0
HotC_blocks_2025_146,Electoral District 29,1013,1101,1495,0.9200726612170754,0,391,0,0.38636363636363635,618,0,0.6106719367588933,3,0,0.0029644268774703555,1,0
HotC_blocks_2025_154,Electoral District 29,913,959,1314,0.9520333680917622,0,324,0,0.3548740416210296,589,0,0.6451259583789705,0,0,0.0,0,0
HotC_blocks_2025_155,Electoral District 29,920,1007,1314,0.913604766633565,0,447,0,0.48639825897714906,470,0,0.5114254624591947,2,0,0.002176278563656148,1,0
HotC_blocks_2025_156,Electoral District 29,854,904,1238,0.9446902654867256,0,385,0,0.45240893066980026,464,0,0.54524089306698,2,0,0.0023501762632197414,3,0
HotC_blocks_2025_136,Electoral District 30,1016,1095,1353,0.9278538812785389,0,550,0,0.5440158259149357,461,0,0.4559841740850643,0,0,0.0,5,0
HotC_blocks_2025_137,Electoral District 30,901,965,1300,0.933678756476684,0,544,0,0.6037735849056604,356,0,0.3951165371809101,1,0,0.0011098779134295228,0,0
HotC_blocks_2025_138,Electoral District 30,950,980,1292,0.9693877551020408,0,510,0,0.5379746835443038,438,0,0.4620253164556962,0,0,0.0,2,0
HotC_blocks_2025_150,Electoral District 30,756,802,998,0.942643391521197,0,280,0,0.3708609271523179,475,0,0.6291390728476821,0,0,0.0,1,0
HotC_blocks_2025_151,Electoral District 30,693,769,977,0.9011703511053316,0,414,0,0.5974025974025974,275,0,0.3968253968253968,4,0,0.005772005772005772,0,0
HotC_blocks_2025_152,Electoral District 30,1132,1228,1521,0.9218241042345277,0,576,0,0.5106382978723404,549,0,0.4867021276595745,3,0,0.0026595744680851063,4,0
HotC_blocks_2025_153,Electoral District 30,735,806,986,0.9119106699751861,0,373,0,0.5081743869209809,357,0,0.48637602179836514,4,0,0.005449591280653951,1,0
HotC_blocks_2025_121,Electoral District 31,937,1033,1336,0.9070667957405615,0,609,0,0.6499466382070438,327,0,0.3489861259338314,1,0,0.0010672358591248667,0,0
HotC_blocks_2025_139,Electoral District 31,1000,1067,1322,0.9372071227741331,0,588,0,0.588,411,0,0.411,1,0,0.001,0,0
HotC_blocks_2025_141,Electoral District 31,1081,1129,1309,0.9574844995571302,0,516,0,0.4777777777777778,562,0,0.5203703703703704,2,0,0.001851851851851852,1,0
HotC_blocks_2025_142,Electoral District 31,1010,1092,1320,0.924908424908425,0,583,0,0.5789473684210527,423,0,0.4200595829195631,1,0,0.0009930486593843098,3,0
HotC_blocks_2025_143,Electoral District 31,770,846,1111,0.9101654846335697,0,418,0,0.5442708333333334,347,0,0.4518229166666667,3,0,0.00390625,2,0
HotC_blocks_2025_149,Electoral District 31,843,864,1121,0.9756944444444444,0,514,0,0.6097271648873073,328,0,0.38908659549228947,1,0,0.0011862396204033216,0,0
HotC_blocks_2025_118,Electoral District 32,1143,1216,1537,0.9399671052631579,0,584,0,0.5118317265556529,557,0,0.48816827344434705,0,0,0.0,2,0
HotC_blocks_2025_122,Electoral District 32,1066,1079,1367,0.9879518072289156,0,499,0,0.46942615239887114,562,0,0.528692380056444,2,0,0.0018814675446848542,3,0
HotC_blocks_2025_123,Electoral District 32,903,923,1179,0.9783315276273022,0,536,0,0.5942350332594235,365,0,0.40465631929046564,1,0,0.0011086474501108647,1,0
HotC_blocks_2025_124,Electoral District 32,802,812,1003,0.9876847290640394,0,327,0,0.409261576971214,471,0,0.5894868585732165,1,0,0.0012515644555694619,3,0
HotC_blocks_2025_125,Electoral District 32,909,935,1235,0.9721925133689839,0,465,0,0.5138121546961326,439,0,0.4850828729281768,1,0,0.0011049723756906078,4,0
HotC_blocks_2025_144,Electoral District 32,1156,1182,1540,0.9780033840947546,0,536,0,0.46487424111014747,614,0,0.5325238508239376,3,0,0.0026019080659150044,3,0
HotC_blocks_2025_120,Electoral District 33,984,1014,1355,0.9704142011834319,0,267,0,0.27134146341463417,716,0,0.7276422764227642,1,0,0.0010162601626016261,0,0
HotC_blocks_2025_131,Electoral District 33,877,954,1318,0.9192872117400419,0,454,0,0.5188571428571429,419,0,0.47885714285714287,2,0,0.002285714285714286,2,0
HotC_blocks_2025_132,Electoral District 33,893,945,1164,0.944973544973545,0,392,0,0.43896976483762595,501,0,0.561030235162374,0,0,0.0,0,0
HotC_blocks_2025_133,Electoral District 33,848,926,1176,0.9157667386609071,0,462,0,0.5454545454545454,384,0,0.45336481700118064,1,0,0.0011806375442739079,1,0
HotC_blocks_2025_135,Electoral District 33,994,1004,1203,0.9900398406374502,0,327,0,0.32996972754793136,664,0,0.6700302724520686,0,0,0.0,3,0
HotC_blocks_2025_140,Electoral District 33,1008,1065,1488,0.9464788732394366,0,429,0,0.426441351888668,576,0,0.5725646123260437,1,0,0.0009940357852882703,2,0
HotC_blocks_2025_100,Electoral District 34,1114,1169,1528,0.9529512403763901,0,451,0,0.4055755395683453,658,0,0.591726618705036,3,0,0.002697841726618705,2,0
HotC_blocks_2025_102,Electoral District 34,939,1003,1288,0.9361914257228315,0,392,0,0.4183564567769477,543,0,0.5795090715048026,2,0,0.0021344717182497333,2,0
HotC_blocks_2025_103,Electoral District 34,1078,1193,1548,0.90360435875943,0,375,0,0.34818941504178275,700,0,0.6499535747446611,2,0,0.0018570102135561746,1,0
HotC_blocks_2025_119,Electoral District 34,964,985,1330,0.9786802030456853,0,337,0,0.3503118503118503,625,0,0.6496881496881497,0,0,0.0,2,0
HotC_blocks_2025_130,Electoral District 34,851,920,1204,0.925,0,336,0,0.39482961222091656,512,0,0.6016451233842538,3,0,0.0035252643948296123,0,0
HotC_blocks_2025_134,Electoral District 34,984,1064,1318,0.924812030075188,0,370,0,0.37755102040816324,607,0,0.6193877551020408,3,0,0.003061224489795918,4,0
HotC_blocks_2025_105,Electoral District 35,659,721,1016,0.9140083217753121,0,386,0,0.5884146341463414,268,0,0.40853658536585363,2,0,0.003048780487804878,3,0
HotC_blocks_2025_106,Electoral District 35,1006,1107,1413,0.9087624209575429,0,534,0,0.5318725099601593,468,0,0.46613545816733065,2,0,0.00199203187250996,2,0
HotC_blocks_2025_108,Electoral District 35,901,956,1255,0.9424686192468619,0,334,0,0.37193763919821826,562,0,0.6258351893095768,2,0,0.0022271714922048997,3,0
HotC_blocks_2025_109,Electoral District 35,774,828,1137,0.9347826086956522,0,431,0,0.5568475452196382,340,0,0.4392764857881137,3,0,0.003875968992248062,0,0
HotC_blocks_2025_112,Electoral District 35,643,679,931,0.946980854197349,0,351,0,0.5501567398119123,287,0,0.4498432601880878,0,0,0.0,5,0
HotC_blocks_2025_126,Electoral District 35,1061,1141,1455,0.92988606485539,0,432,0,0.4075471698113208,628,0,0.5924528301886792,0,0,0.0,1,0
HotC_blocks_2025_127,Electoral District 35,721,756,973,0.9537037037037037,0,402,0,0.5591098748261474,313,0,0.43532684283727396,4,0,0.005563282336578581,2,0
HotC_blocks_2025_116,Electoral District 36,929,1021,1313,0.9098922624877571,0,309,0,0.3329741379310345,617,0,0.6648706896551724,2,0,0.0021551724137931034,1,0
HotC_blocks_2025_64,Electoral District 36,1059,1148,1494,0.9224738675958188,0,411,0,0.3888363292336802,645,0,0.6102175969725638,1,0,0.000946073793755913,2,0
HotC_blocks_2025_70,Electoral District 36,824,853,1136,0.9660023446658851,0,386,0,0.4684466019417476,436,0,0.529126213592233,2,0,0.0024271844660194173,0,0
HotC_blocks_2025_71,Electoral District 36,807,840,1021,0.9607142857142857,0,297,0,0.3680297397769517,507,0,0.6282527881040892,3,0,0.0037174721189591076,0,0
HotC_blocks_2025_87,Electoral District 36,1064,1096,1392,0.9708029197080292,0,424,0,0.3992467043314501,636,0,0.5988700564971752,2,0,0.0018832391713747645,2,0
HotC_blocks_2025_88,Electoral District 36,959,1019,1326,0.9411187438665358,0,367,0,0.38269030239833157,590,0,0.6152241918665277,2,0,0.0020855057351407717,0,0
HotC_blocks_2025_110,Electoral District 37,893,977,1290,0.9140225179119754,0,268,0,0.30011198208286677,624,0,0.6987681970884658,1,0,0.0011198208286674132,0,0
HotC_blocks_2025_72,Electoral District 37,967,1020,1357,0.9480392156862745,0,388,0,0.4012409513960703,577,0,0.5966907962771458,2,0,0.002068252326783868,0,0
HotC_blocks_2025_73,Electoral District 37,702,778,1060,0.9023136246786633,0,283,0,0.4037089871611983,418,0,0.5962910128388017,0,0,0.0,1,0
HotC_blocks_2025_86,Electoral District 37,976,1042,1393,0.9366602687140115,0,467,0,0.47897435897435897,508,0,0.521025641025641,0,0,0.0,1,0
HotC_blocks_2025_91,Electoral District 37,722,754,1020,0.9575596816976127,0,253,0,0.3509015256588072,468,0,0.6490984743411928,0,0,0.0,1,0
HotC_blocks_2025_92,Electoral District 37,757,808,992,0.9368811881188119,0,315,0,0.41611624834874505,437,0,0.5772787318361955,5,0,0.0066050198150594455,0,0
HotC_blocks_2025_104,Electoral District 38,745,757,922,0.9841479524438573,0,206,0,0.276510067114094,539,0,0.723489932885906,0,0,0.0,0,0
HotC_blocks_2025_107,Electoral District 38,876,968,1300,0.9049586776859504,0,380,0,0.43478260869565216,494,0,0.5652173913043478,0,0,0.0,2,0
HotC_blocks_2025_79,Electoral District 38,806,888,1128,0.9076576576576577,0,299,0,0.3718905472636816,504,0,0.6268656716417911,1,0,0.0012437810945273632,2,0
HotC_blocks_2025_80,Electoral District 38,703,749,1014,0.9385847797062751,0,264,0,0.37660485021398005,436,0,0.6219686162624821,1,0,0.0014265335235378032,2,0
HotC_blocks_2025_81,Electoral District 38,900,963,1230,0.9345794392523364,0,351,0,0.3908685968819599,544,0,0.6057906458797327,3,0,0.0033407572383073497,2,0
HotC_blocks_2025_89,Electoral District 38,897,926,1238,0.968682505399568,0,247,0,0.27566964285714285,649,0,0.7243303571428571,0,0,0.0,1,0
HotC_blocks_2025_90,Electoral District 38,1012,1068,1345,0.947565543071161,0,433,0,0.42828882294757664,576,0,0.56973293768546,2,0,0.0019782393669634025,1,0
HotC_blocks_2025_101,Electoral District 39,854,938,1255,0.9104477611940298,0,527,0,0.6178194607268465,325,0,0.3810082063305979,1,0,0.0011723329425556857,1,0
HotC_blocks_2025_95,Electoral District 39,1002,1039,1361,0.9643888354186718,0,601,0,0.6003996003996004,399,0,0.3986013986013986,1,0,0.000999000999000999,1,0
HotC_blocks_2025_96,Electoral District 39,863,912,1168,0.9462719298245614,0,417,0,0.4843205574912892,444,0,0.5156794425087108,0,0,0.0,2,0
HotC_blocks_2025_97,Electoral District 39,893,973,1356,0.9177800616649537,0,509,0,0.5699888017917133,382,0,0.42777155655095184,2,0,0.0022396416573348264,0,0
HotC_blocks_2025_98,Electoral District 39,977,999,1255,0.977977977977978,0,477,0,0.48923076923076925,497,0,0.5097435897435898,1,0,0.0010256410256410256,2,0
HotC_blocks_2025_99,Electoral District 39,813,869,1108,0.9355581127733027,0,502,0,0.6182266009852216,307,0,0.37807881773399016,3,0,0.003694581280788177,1,0
HotC_blocks_2025_62,Electoral District 40,789,802,974,0.983790523690773,0,441,0,0.5610687022900763,344,0,0.43765903307888043,1,0,0.001272264631043257,3,0
HotC_blocks_2025_74,Electoral District 40,892,926,1182,0.9632829373650108,0,545,0,0.6123595505617978,345,0,0.38764044943820225,0,0,0.0,2,0
HotC_blocks_2025_75,Electoral District 40,1036,1068,1420,0.9700374531835206,0,580,0,0.5609284332688588,453,0,0.4381044487427466,1,0,0.0009671179883945841,2,0
HotC_blocks_2025_76,Electoral District 40,1096,1148,1455,0.9547038327526133,0,586,0,0.5356489945155393,507,0,0.463436928702011,1,0,0.0009140767824497258,2,0
HotC_blocks_2025_77,Electoral District 40,1086,1105,1363,0.9828054298642533,0,673,0,0.6208487084870848,408,0,0.3763837638376384,3,0,0.0027675276752767526,2,0
HotC_blocks_2025_78,Electoral District 40,916,1017,1261,0.9006882989183874,0,500,0,0.547645125958379,411,0,0.45016429353778753,2,0,0.002190580503833516,3,0
HotC_blocks_2025_43,Electoral District 41,814,863,1034,0.9432213209733488,0,360,0,0.4438964241676942,450,0,0.5548705302096177,1,0,0.0012330456226880395,3,0
HotC_blocks_2025_52,Electoral District 41,1023,1083,1415,0.9445983379501385,0,571,0,0.5592556317335945,447,0,0.43780607247796277,3,0,0.002938295788442703,2,0
HotC_blocks_2025_53,Electoral District 41,734,788,1014,0.9314720812182741,0,334,0,0.45690834473324216,396,0,0.5417236662106704,1,0,0.0013679890560875513,3,0
HotC_blocks_2025_61,Electoral District 41,1045,1157,1444,0.9031979256698358,0,362,0,0.3474088291746641,676,0,0.6487523992322457,4,0,0.003838771593090211,3,0
HotC_blocks_2025_65,Electoral District 41,858,950,1348,0.9031578947368422,0,443,0,0.5187353629976581,409,0,0.47892271662763464,2,0,0.00234192037470726,4,0
HotC_blocks_2025_66,Electoral District 41,898,961,1187,0.9344432882414152,0,459,0,0.5134228187919463,434,0,0.4854586129753915,1,0,0.0011185682326621924,4,0
HotC_blocks_2025_67,Electoral District 41,1015,1105,1502,0.918552036199095,0,336,0,0.3310344827586207,678,0,0.6679802955665025,1,0,0.0009852216748768472,0,0
HotC_blocks_2025_45,Electoral District 42,840,927,1109,0.9061488673139159,0,358,0,0.42822966507177035,476,0,0.569377990430622,2,0,0.0023923444976076554,4,0
HotC_blocks_2025_46,Electoral District 42,733,797,970,0.9196988707653702,0,337,0,0.46101231190150477,394,0,0.5389876880984952,0,0,0.0,2,0
HotC_blocks_2025_54,Electoral District 42,963,1002,1352,0.9610778443113772,0,406,0,0.42291666666666666,553,0,0.5760416666666667,1,0,0.0010416666666666667,3,0
HotC_blocks_2025_55,Electoral District 42,1136,1210,1532,0.9388429752066115,0,336,0,0.2960352422907489,798,0,0.7030837004405286,1,0,0.000881057268722467,1,0
HotC_blocks_2025_56,Electoral District 42,971,1019,1351,0.9528949950932286,0,366,0,0.3769309989701339,602,0,0.619979402677652,3,0,0.003089598352214212,0,0
HotC_blocks_2025_57,Electoral District 42,846,862,1025,0.9814385150812065,0,404,0,0.47810650887573963,441,0,0.5218934911242603,0,0,0.0,1,0
HotC_blocks_2025_63,Electoral District 42,742,761,980,0.9750328515111695,0,243,0,0.32793522267206476,496,0,0.6693657219973009,2,0,0.002699055330634278,1,0
HotC_blocks_2025_29,Electoral District 43,942,1044,1445,0.9022988505747126,0,511,0,0.5424628450106157,430,0,0.4564755838641189,1,0,0.0010615711252653928,0,0
HotC_blocks_2025_38,Electoral District 43,683,714,976,0.9565826330532213,0,402,0,0.5911764705882353,276,0,0.40588235294117647,2,0,0.0029411764705882353,3,0
HotC_blocks_2025_39,Electoral District 43,782,822,1055,0.9513381995133819,0,268,0,0.3435897435897436,510,0,0.6538461538461539,2,0,0.002564102564102564,2,0
HotC_blocks_2025_49,Electoral District 43,1000,1016,1441,0.984251968503937,0,420,0,0.42084168336673344,576,0,0.5771543086172345,2,0,0.002004008016032064,2,0
HotC_blocks_2025_50,Electoral District 43,1076,1132,1467,0.950530035335689,0,632,0,0.587360594795539,442,0,0.4107806691449814,2,0,0.0018587360594795538,0,0
HotC_blocks_2025_30,Electoral District 44,997,1038,1384,0.9605009633911368,0,450,0,0.45271629778672035,543,0,0.5462776659959758,1,0,0.001006036217303823,3,0
HotC_blocks_2025_31,Electoral District 44,883,922,1222,0.9577006507592191,0,370,0,0.4199772985244041,510,0,0.5788876276958003,1,0,0.0011350737797956867,2,0
HotC_blocks_2025_40,Electoral District 44,660,714,977,0.9243697478991597,0,349,0,0.5303951367781155,307,0,0.46656534954407297,2,0,0.00303951367781155,2,0
HotC_blocks_2025_41,Electoral District 44,894,949,1229,0.9420442571127503,0,561,0,0.6296296296296297,325,0,0.36475869809203143,5,0,0.005611672278338945,3,0
HotC_blocks_2025_42,Electoral District 44,1012,1031,1357,0.9815712900096993,0,555,0,0.5500495540138751,451,0,0.44697720515361744,3,0,0.002973240832507433,3,0
HotC_blocks_2025_51,Electoral District 44,1135,1193,1463,0.9513830678960603,0,685,0,0.6051236749116607,442,0,0.39045936395759717,5,0,0.00441696113074205,3,0
HotC_blocks_2025_24,Electoral District 45,947,1022,1322,0.9266144814090019,0,513,0,0.5428571428571428,429,0,0.45396825396825397,3,0,0.0031746031746031746,2,0
HotC_blocks_2025_25,Electoral District 45,924,962,1193,0.9604989604989606,0,368,0,0.39913232104121477,552,0,0.5986984815618221,2,0,0.0021691973969631237,2,0
HotC_blocks_2025_35,Electoral District 45,665,713,924,0.9326788218793829,0,393,0,0.5909774436090226,270,0,0.40601503759398494,2,0,0.0030075187969924814,0,0
HotC_blocks_2025_36,Electoral District 45,828,878,1162,0.9430523917995444,0,467,0,0.566060606060606,354,0,0.4290909090909091,4,0,0.0048484848484848485,3,0
HotC_blocks_2025_37,Electoral District 45,923,962,1184,0.9594594594594594,0,516,0,0.5602605863192183,404,0,0.4386536373507057,1,0,0.0010857763300760044,2,0
HotC_blocks_2025_47,Electoral District 45,791,867,1063,0.9123414071510957,0,401,0,0.5088832487309645,386,0,0.48984771573604063,1,0,0.0012690355329949238,3,0
HotC_blocks_2025_48,Electoral District 45,915,1002,1304,0.9131736526946108,0,492,0,0.5388828039430449,418,0,0.4578313253012048,3,0,0.0032858707557502738,2,0
HotC_blocks_2025_20,Electoral District 46,886,914,1077,0.9693654266958425,0,501,0,0.5673839184597962,381,0,0.43148357870894677,1,0,0.0011325028312570782,3,0
HotC_blocks_2025_21,Electoral District 46,941,976,1160,0.9641393442622951,0,561,0,0.597444089456869,374,0,0.39829605963791265,4,0,0.004259850905218318,2,0
HotC_blocks_2025_32,Electoral District 46,1081,1151,1441,0.9391833188531712,0,530,0,0.49074074074074076,547,0,0.5064814814814815,3,0,0.002777777777777778,1,0
HotC_blocks_2025_33,Electoral District 46,1039,1153,1541,0.9011274934952298,0,604,0,0.583011583011583,430,0,0.41505791505791506,2,0,0.0019305019305019305,3,0
HotC_blocks_2025_34,Electoral District 46,1154,1210,1509,0.9537190082644628,0,708,0,0.6135181975736569,444,0,0.3847487001733102,2,0,0.0017331022530329288,0,0
HotC_blocks_2025_44,Electoral District 46,1076,1109,1412,0.9702434625788999,0,629,0,0.5856610800744879,442,0,0.41154562383612664,3,0,0.002793296089385475,2,0
HotC_blocks_2025_13,Electoral District 47,964,1007,1358,0.9572989076464746,0,550,0,0.5717255717255717,410,0,0.4261954261954262,2,0,0.002079002079002079,2,0
HotC_blocks_2025_14,Electoral District 47,762,786,1059,0.9694656488549618,0,351,0,0.4612352168199737,409,0,0.5374507227332457,1,0,0.001314060446780552,1,0
HotC_blocks_2025_15,Electoral District 47,817,889,1174,0.9190101237345332,0,458,0,0.5626535626535627,354,0,0.4348894348894349,2,0,0.002457002457002457,3,0
HotC_blocks_2025_16,Electoral District 47,946,983,1358,0.9623601220752798,0,534,0,0.5650793650793651,409,0,0.4328042328042328,2,0,0.0021164021164021165,1,0
HotC_blocks_2025_27,Electoral District 47,866,961,1257,0.9011446409989594,0,447,0,0.5161662817551963,416,0,0.48036951501154734,3,0,0.003464203233256351,0,0
HotC_blocks_2025_28,Electoral District 47,976,1072,1322,0.9104477611940298,0,522,0,0.5359342915811088,452,0,0.46406570841889117,0,0,0.0,2,0
HotC_blocks_2025_1,Electoral District 48,920,950,1192,0.968421052631579,0,417,0,0.45375408052230687,502,0,0.5462459194776932,0,0,0.0,1,0
HotC_blocks_2025_10,Electoral District 48,806,854,1138,0.9437939110070258,0,435,0,0.5397022332506204,370,0,0.45905707196029777,1,0,0.0012406947890818859,0,0
HotC_blocks_2025_11,Electoral District 48,950,1032,1286,0.9205426356589147,0,353,0,0.37157894736842106,596,0,0.6273684210526316,1,0,0.0010526315789473684,0,0
HotC_blocks_2025_12,Electoral District 48,640,671,933,0.9538002980625931,0,194,0,0.303125,446,0,0.696875,0,0,0.0,0,0
HotC_blocks_2025_26,Electoral District 48,786,805,1020,0.9763975155279503,0,247,0,0.3146496815286624,538,0,0.6853503184713375,0,0,0.0,1,0
HotC_blocks_2025_8,Electoral District 48,896,918,1267,0.9760348583877996,0,427,0,0.4770949720670391,468,0,0.5229050279329609,0,0,0.0,1,0
HotC_blocks_2025_9,Electoral District 48,848,914,1179,0.9277899343544858,0,441,0,0.5206611570247934,402,0,0.47461629279811096,4,0,0.004722550177095631,1,0
HotC_blocks_2025_17,Electoral District 49,1163,1215,1517,0.9572016460905349,0,522,0,0.4488392089423904,639,0,0.5494411006018917,2,0,0.0017196904557179708,0,0
HotC_blocks_2025_18,Electoral District 49,1132,1144,1500,0.9895104895104895,0,567,0,0.5017699115044247,561,0,0.4964601769911504,2,0,0.0017699115044247787,2,0
HotC_blocks_2025_19,Electoral District 49,1043,1086,1381,0.9604051565377533,0,430,0,0.41306436119116235,609,0,0.5850144092219021,2,0,0.0019212295869356388,2,0
HotC_blocks_2025_22,Electoral District 49,886,936,1158,0.9465811965811965,0,461,0,0.5214932126696833,420,0,0.4751131221719457,3,0,0.003393665158371041,2,0
HotC_blocks_2025_23,Electoral District 49,913,986,1327,0.9259634888438134,0,364,0,0.3995609220636663,544,0,0.5971459934138309,3,0,0.003293084522502744,2,0
HotC_blocks_2025_2,Electoral District 50,966,1059,1309,0.9121813031161473,0,482,0,0.49948186528497407,481,0,0.49844559585492226,2,0,0.002072538860103627,1,0
HotC_blocks_2025_3,Electoral District 50,1041,1091,1534,0.9541704857928506,0,568,0,0.546679499518768,469,0,0.45139557266602504,2,0,0.0019249278152069298,2,0
HotC_blocks_2025_4,Electoral District 50,922,980,1295,0.9408163265306122,0,486,0,0.5282608695652173,432,0,0.46956521739130436,2,0,0.002173913043478261,2,0
HotC_blocks_2025_5,Electoral District 50,1101,1151,1394,0.9565595134665508,0,621,0,0.565059144676979,477,0,0.4340309372156506,1,0,0.0009099181073703367,2,0
HotC_blocks_2025_6,Electoral District 50,717,749,943,0.9572763684913218,0,430,0,0.6013986013986014,282,0,0.3944055944055944,3,0,0.004195804195804196,2,0
HotC_blocks_2025_7,Electoral District 50,755,816,1097,0.9252450980392157,0,382,0,0.5073041168658698,366,0,0.4860557768924303,5,0,0.006640106241699867,2,0
