Region,Population,Birth Rate,Death Rate,Immigration Rate,Emigration Rate,Children Per Mother,Mature Percent,Female Percentage,Fertility Rate,female,male,age_0_14,age_15_24,age_25_54,age_55_64,age_65_plus,urban,rural,literate,illiterate,primary_education_only,secondary_education,tertiary_education,no_formal_education,employed,unemployed,not_in_labor_force,poverty,middle_class,upper_class,internet_access,access_to_clean_water,access_to_electricity,trans,cis,us_origin,uk_origin,other_origin,het,queer,white,black,latino,mixed_other
HotC_blocks_2025_1,1192,0.008928,0.001599,0.331204,0.000162,0.93485,0.816618,0.670112,0.700807,775,416,214,122,450,144,188,959,222,1158,29,76,486,385,113,783,50,406,130,726,251,1033,1159,1202,523,669,1018,118,56,462,580,512,289,219,143
HotC_blocks_2025_2,1309,0.007247,0.00152,0.409342,0.000174,1.481751,0.807513,0.70395,0.719483,866,456,177,133,477,169,213,987,347,1275,14,136,495,537,75,912,99,405,66,998,288,1208,1310,1297,876,433,769,497,43,409,711,544,390,220,190
HotC_blocks_2025_3,1534,0.009887,0.001849,0.444346,0.000194,1.053641,0.734043,0.681066,0.641089,1010,512,281,181,638,232,227,1259,319,1485,57,168,750,653,172,857,55,514,110,1048,365,1353,1495,1529,650,884,1360,122,52,553,766,663,427,263,185
HotC_blocks_2025_4,1295,0.006875,0.001558,0.380767,0.000126,1.052349,0.754688,0.67963,0.701227,845,453,189,192,519,145,208,1070,305,1270,23,136,606,344,112,710,101,436,192,880,299,1204,1263,1295,476,819,1073,160,62,598,718,515,408,199,169
HotC_blocks_2025_5,1394,0.006836,0.001541,0.439157,0.000191,1.004973,0.828217,0.661664,0.656083,933,486,227,199,528,176,253,1211,378,1360,49,188,748,567,162,858,72,535,205,915,251,1252,1377,1407,321,1073,1185,161,48,625,928,578,395,223,188
HotC_blocks_2025_6,943,0.006976,0.001973,0.37862,0.000457,1.278683,0.809481,0.660264,0.68769,622,314,163,100,341,140,142,837,274,939,13,48,505,316,138,653,76,301,83,726,171,817,935,951,346,597,696,191,56,309,570,433,282,162,130
HotC_blocks_2025_7,1097,0.008211,0.001297,0.383956,0.000202,1.266908,0.738159,0.610518,0.692789,717,363,168,102,492,122,191,864,257,1067,6,162,568,463,82,557,52,377,90,839,194,1038,1084,1104,638,459,837,233,27,541,728,431,298,171,153
HotC_blocks_2025_8,1267,0.006101,0.001963,0.467196,0.000378,1.145372,0.747329,0.625644,0.655024,837,436,214,135,577,195,219,1041,233,1228,18,159,447,346,69,643,103,456,123,784,252,1136,1237,1265,366,901,1111,112,44,538,761,580,370,177,142
HotC_blocks_2025_9,1179,0.006106,0.001586,0.488046,0.00033,1.132902,0.794329,0.655825,0.684562,788,398,221,170,447,134,172,829,140,1164,3,96,611,300,154,655,43,424,133,914,263,1096,1156,1171,451,728,947,191,41,536,651,547,363,183,165
HotC_blocks_2025_10,1138,0.006953,0.001378,0.406865,0.000299,1.133771,0.759764,0.619998,0.635349,761,394,172,167,486,158,192,815,134,1119,25,81,613,462,69,780,100,443,63,850,232,1047,1147,1142,460,678,918,188,32,431,816,457,319,163,151
HotC_blocks_2025_11,1286,0.007483,0.001813,0.48945,0.000494,1.352027,0.767626,0.61835,0.707715,850,435,237,124,526,142,216,914,159,1240,33,160,600,568,112,716,105,401,188,774,317,1098,1293,1286,574,712,882,352,52,547,847,548,373,212,187
HotC_blocks_2025_12,933,0.009835,0.001058,0.378904,0.000143,1.101396,0.746968,0.674685,0.668827,610,312,141,98,378,104,146,729,205,905,4,53,502,310,100,638,32,352,98,590,178,865,922,942,768,165,232,662,39,291,430,373,224,125,128
HotC_blocks_2025_13,1358,0.008341,0.001726,0.451416,0.000251,1.044651,0.750505,0.635144,0.657473,888,471,238,126,525,151,230,1079,361,1320,44,199,499,554,148,809,75,500,154,1033,326,1238,1370,1360,478,880,997,305,56,529,982,561,382,233,192
HotC_blocks_2025_14,1059,0.009706,0.001492,0.351649,0.000284,1.48802,0.779262,0.642875,0.69334,693,351,145,103,397,125,188,779,179,1054,20,123,407,305,57,565,49,325,62,660,207,922,1042,1059,819,240,548,487,24,502,769,418,277,188,148
HotC_blocks_2025_15,1174,0.009945,0.001537,0.484808,0.000194,1.355973,0.783127,0.682052,0.636234,766,390,201,165,510,131,225,904,210,1131,34,80,543,490,69,712,51,380,114,787,252,1054,1166,1179,388,786,953,182,39,563,742,480,328,175,172
HotC_blocks_2025_16,1358,0.006407,0.001153,0.349192,0.000164,1.01194,0.75851,0.627337,0.719677,884,462,209,202,504,181,269,1185,357,1317,9,158,727,490,145,755,103,419,111,930,272,1187,1323,1361,353,1005,1063,239,56,421,748,544,332,257,166
HotC_blocks_2025_17,1517,0.007019,0.001682,0.452046,0.000338,1.182946,0.771184,0.644887,0.722953,1011,529,208,203,688,183,218,1286,325,1507,8,196,592,428,100,1005,106,519,130,1176,287,1413,1498,1513,465,1052,1200,273,44,728,857,657,474,254,173
HotC_blocks_2025_18,1500,0.008511,0.001335,0.327854,0.000418,1.272044,0.783346,0.699389,0.70886,979,504,217,201,545,216,278,1313,252,1489,6,201,563,494,194,794,65,543,183,1092,329,1356,1470,1495,347,1153,1203,240,57,734,744,655,420,250,166
HotC_blocks_2025_19,1381,0.006409,0.001919,0.458017,0.000109,1.29082,0.807125,0.647444,0.636892,899,458,249,199,514,171,207,1018,369,1344,17,100,651,450,171,747,106,483,84,943,326,1301,1365,1380,589,792,978,362,41,573,690,542,365,244,167
HotC_blocks_2025_20,1077,0.006851,0.001515,0.495108,0.000284,1.234383,0.816063,0.663507,0.648446,706,362,165,124,473,141,181,888,189,1069,25,85,530,382,111,642,64,394,64,718,169,996,1056,1085,347,730,752,267,58,410,662,441,275,172,144
HotC_blocks_2025_21,1160,0.008278,0.001887,0.411344,0.000388,1.383189,0.828873,0.67032,0.710685,776,404,160,132,455,133,206,982,312,1119,40,132,569,501,130,657,92,378,61,888,214,1075,1142,1168,280,880,992,119,49,576,685,469,323,186,162
HotC_blocks_2025_22,1158,0.00761,0.001218,0.429011,0.000269,0.979366,0.820057,0.679122,0.698318,771,394,207,138,424,155,196,977,140,1118,12,88,574,347,131,693,74,432,104,873,222,1025,1167,1150,402,756,321,794,43,559,771,508,365,178,171
HotC_blocks_2025_23,1327,0.00893,0.001215,0.306237,0.000205,1.257047,0.735143,0.659637,0.689684,871,458,180,125,574,185,240,1044,198,1317,42,158,536,488,114,687,112,402,192,914,223,1199,1333,1333,526,801,957,331,39,527,685,622,418,175,183
HotC_blocks_2025_24,1322,0.006722,0.001568,0.483098,0.000114,1.318452,0.759735,0.70244,0.727106,884,448,240,185,518,211,188,1083,193,1275,4,158,552,522,74,744,82,487,108,958,315,1205,1294,1309,546,776,1001,245,76,607,990,552,398,203,170
HotC_blocks_2025_25,1193,0.009495,0.001984,0.453655,0.000267,1.152814,0.803758,0.633878,0.641047,783,400,176,124,434,132,237,937,210,1177,10,172,605,319,109,806,103,401,132,755,297,1041,1202,1196,858,335,843,316,34,402,815,498,291,224,173
HotC_blocks_2025_26,1020,0.008389,0.001525,0.352047,0.000306,1.194712,0.829634,0.699744,0.676338,675,351,134,146,454,140,166,769,199,981,34,54,424,445,125,567,46,296,121,621,207,965,993,1028,969,51,657,306,57,422,661,442,315,177,133
HotC_blocks_2025_27,1257,0.008634,0.001851,0.473459,0.000383,1.402208,0.799747,0.678014,0.691861,835,418,229,178,456,200,185,964,312,1214,41,167,567,315,98,783,111,443,95,913,256,1166,1224,1263,411,846,926,259,72,402,919,559,308,186,173
HotC_blocks_2025_28,1322,0.008329,0.001346,0.424183,0.000118,1.422922,0.827349,0.706888,0.704965,862,456,173,120,518,184,246,1106,250,1283,52,122,582,373,171,844,57,394,156,966,234,1249,1290,1320,572,750,1072,210,40,656,757,610,341,188,147
HotC_blocks_2025_29,1445,0.008251,0.001472,0.408647,0.000164,1.022221,0.739116,0.625366,0.675369,954,477,256,155,651,242,218,1145,144,1421,35,108,667,426,95,910,71,504,134,1151,238,1295,1440,1441,638,807,1028,334,83,695,964,650,363,196,191
HotC_blocks_2025_30,1384,0.007996,0.001618,0.440493,0.000324,0.905863,0.762646,0.661771,0.638787,909,457,186,157,516,199,251,1190,193,1337,5,157,679,354,198,706,86,499,189,1028,318,1223,1387,1372,581,803,1086,235,63,560,926,548,338,200,161
HotC_blocks_2025_31,1222,0.008463,0.001329,0.394037,0.000398,1.4231,0.773366,0.614366,0.646167,794,419,183,149,500,140,200,909,224,1183,41,82,662,407,164,764,90,448,122,865,246,1110,1186,1219,801,421,438,712,72,435,681,514,338,220,145
HotC_blocks_2025_32,1441,0.007621,0.001602,0.426508,0.000249,1.207569,0.771303,0.616913,0.673717,939,487,238,179,614,166,258,1098,259,1432,0,156,676,474,106,788,119,481,119,993,312,1245,1423,1443,625,816,1154,224,63,535,879,652,427,225,208
HotC_blocks_2025_33,1541,0.00816,0.001034,0.497339,0.000149,1.038679,0.73517,0.674,0.65247,1007,511,209,192,660,206,260,1290,159,1499,59,166,617,546,129,934,57,467,99,1214,344,1334,1506,1548,347,1194,1269,201,71,763,866,603,399,277,222
HotC_blocks_2025_34,1509,0.006452,0.001796,0.483736,0.00034,1.464525,0.812684,0.676697,0.687719,991,502,250,164,673,255,279,1083,238,1455,39,190,807,509,211,1019,73,568,132,994,324,1332,1501,1512,501,1008,1146,300,63,586,685,659,382,254,211
HotC_blocks_2025_35,924,0.008169,0.001951,0.469433,0.000466,1.38826,0.740892,0.624899,0.682662,605,313,141,113,401,141,158,798,172,920,2,134,444,301,64,550,38,283,103,651,200,871,915,925,191,733,622,254,48,373,449,423,280,130,112
HotC_blocks_2025_36,1162,0.008269,0.001257,0.492585,0.000293,1.383596,0.785023,0.614341,0.693315,777,397,208,166,444,142,205,908,311,1157,16,85,588,354,153,679,81,348,130,802,242,1007,1161,1170,280,882,869,242,51,475,603,489,334,185,173
HotC_blocks_2025_37,1184,0.008781,0.001404,0.38564,0.000387,1.315462,0.829126,0.622839,0.640411,786,404,173,112,436,193,179,905,172,1153,3,120,430,485,86,719,98,420,122,787,217,1085,1195,1187,391,793,1026,108,50,581,595,527,303,191,134
HotC_blocks_2025_38,976,0.009025,0.001348,0.432982,0.000418,1.456307,0.753464,0.649932,0.645242,653,340,158,137,402,143,141,830,122,969,30,117,348,303,74,558,34,374,102,645,185,873,970,976,416,560,705,244,27,474,473,444,263,178,141
HotC_blocks_2025_39,1055,0.006565,0.001212,0.463747,0.000229,0.913736,0.745379,0.632361,0.725732,697,367,173,125,412,154,156,928,280,1026,40,139,509,289,103,634,46,314,134,658,220,995,1060,1050,1006,49,398,621,36,398,653,427,271,167,147
HotC_blocks_2025_40,977,0.007189,0.00143,0.334133,0.00013,1.369618,0.756539,0.627777,0.699162,647,334,140,101,373,117,175,849,239,968,15,112,411,346,95,523,52,377,73,612,187,907,970,980,228,749,692,241,44,331,458,384,263,142,132
HotC_blocks_2025_41,1229,0.007064,0.001149,0.32544,0.000446,1.046087,0.795171,0.691069,0.691408,819,415,230,120,454,183,241,1059,141,1193,45,92,622,510,122,709,70,384,170,848,292,1057,1240,1227,242,987,905,260,64,394,566,529,333,193,183
HotC_blocks_2025_42,1357,0.009099,0.001661,0.337039,0.00017,0.959037,0.79603,0.686437,0.656505,882,450,255,146,592,200,221,1005,168,1336,42,155,618,350,199,895,64,526,149,972,305,1263,1351,1346,370,987,1098,209,50,526,860,631,351,186,159
HotC_blocks_2025_43,1034,0.008583,0.001286,0.463189,0.000445,1.407909,0.821893,0.635224,0.705504,681,358,179,141,440,124,178,927,297,994,6,65,512,427,73,621,83,375,107,742,207,909,1026,1037,429,605,880,115,39,312,541,463,330,140,130
HotC_blocks_2025_44,1412,0.007244,0.001742,0.463024,0.000346,1.31273,0.767526,0.66387,0.682416,941,489,254,128,614,219,255,1201,378,1382,28,88,603,534,180,767,54,503,70,897,215,1223,1379,1408,409,1003,1061,317,34,487,933,556,393,234,189
HotC_blocks_2025_45,1109,0.0093,0.001498,0.315412,0.000123,1.100543,0.80849,0.680768,0.708861,732,375,153,121,447,127,169,908,274,1108,41,126,481,418,142,580,60,414,98,792,231,963,1091,1105,211,898,915,149,45,398,812,455,304,202,159
HotC_blocks_2025_46,970,0.007741,0.001937,0.441204,0.000352,0.929905,0.820391,0.700939,0.708021,630,321,139,94,387,160,163,681,151,932,1,75,392,395,143,557,54,363,74,612,228,829,964,971,267,703,848,94,28,433,596,388,301,148,138
HotC_blocks_2025_47,1063,0.008923,0.001981,0.351306,0.000362,1.018859,0.786533,0.656393,0.727201,703,358,145,105,406,132,203,863,217,1025,36,129,386,416,110,548,61,359,70,838,249,974,1050,1061,378,685,815,193,55,416,494,481,272,154,123
HotC_blocks_2025_48,1304,0.009034,0.001754,0.303589,0.000151,1.295778,0.746162,0.635549,0.724664,862,449,213,160,481,170,204,1014,338,1271,23,117,480,441,90,700,46,424,163,854,236,1192,1275,1314,419,885,1099,147,58,485,937,526,365,216,145
HotC_blocks_2025_49,1441,0.009576,0.001654,0.330421,0.000276,1.269179,0.738346,0.698242,0.71036,951,503,223,214,615,213,216,1262,267,1392,0,152,656,567,200,743,106,444,195,1100,294,1327,1415,1440,998,443,822,543,76,528,723,644,441,196,172
HotC_blocks_2025_50,1467,0.007392,0.00145,0.449765,0.00036,1.272557,0.765237,0.694145,0.677129,982,502,201,191,575,221,211,1078,397,1421,49,114,702,570,148,823,62,430,117,1071,357,1374,1467,1475,528,939,1091,314,62,472,856,626,453,238,183
HotC_blocks_2025_51,1463,0.009209,0.001479,0.3036,0.000269,0.916305,0.826624,0.622745,0.700769,979,506,251,205,670,215,253,1207,302,1441,26,105,547,385,111,744,93,465,193,899,252,1350,1454,1450,608,855,1160,216,87,622,891,668,384,227,176
HotC_blocks_2025_52,1415,0.009423,0.001521,0.312728,0.000433,1.259387,0.741493,0.619386,0.720963,938,490,258,175,582,192,225,1113,360,1392,50,133,667,532,154,906,62,482,85,957,281,1295,1426,1417,537,878,1240,133,42,526,837,557,355,207,210
HotC_blocks_2025_53,1014,0.007892,0.001623,0.393949,0.000279,1.184573,0.789087,0.663701,0.715414,660,351,183,108,411,138,155,790,110,984,33,79,520,361,139,623,32,362,55,699,246,878,999,1018,422,592,765,217,32,449,746,453,313,131,140
HotC_blocks_2025_54,1352,0.006238,0.001604,0.437318,0.000146,1.130303,0.775624,0.646905,0.642103,890,466,181,128,534,225,243,1129,233,1330,0,153,720,503,185,871,50,514,76,955,222,1150,1334,1346,688,664,957,338,57,498,904,597,415,231,171
HotC_blocks_2025_55,1532,0.00631,0.001543,0.472348,0.000336,1.035767,0.768424,0.655012,0.687927,1019,508,280,139,608,171,250,1233,309,1480,39,83,769,673,128,924,80,445,135,1161,321,1317,1537,1532,1027,505,1085,407,40,757,794,717,432,211,174
HotC_blocks_2025_56,1351,0.006124,0.001388,0.332005,0.000109,1.353728,0.775852,0.638924,0.720008,881,471,201,193,567,215,268,1023,394,1318,20,113,619,379,142,821,102,504,127,892,237,1174,1313,1346,519,832,813,480,58,442,787,594,377,208,202
HotC_blocks_2025_57,1025,0.007303,0.001793,0.392289,0.000392,0.98879,0.815256,0.681088,0.720694,668,350,170,113,415,115,189,830,114,1011,19,54,557,450,103,531,77,347,82,715,207,928,1012,1027,436,589,721,265,39,398,646,448,312,162,153
HotC_blocks_2025_58,1037,0.006013,0.00164,0.359687,0.000196,1.087139,0.755605,0.613079,0.727153,678,357,182,151,376,168,177,857,237,1029,13,127,472,423,154,560,92,310,52,631,190,947,1008,1026,447,590,722,266,49,332,590,464,272,177,115
HotC_blocks_2025_59,996,0.007395,0.001111,0.461647,0.000479,0.94339,0.825512,0.662258,0.659957,648,338,176,131,363,113,163,756,145,967,32,142,429,429,81,592,43,352,147,717,185,911,971,1003,315,681,770,204,22,434,520,445,304,177,131
HotC_blocks_2025_60,1181,0.006572,0.001775,0.354282,0.000299,1.070564,0.743383,0.672956,0.635433,785,397,153,142,430,149,215,841,316,1133,11,146,488,319,101,654,95,379,152,919,228,1111,1163,1191,245,936,942,186,53,520,532,476,350,200,175
HotC_blocks_2025_61,1444,0.009803,0.001703,0.35961,0.000142,1.369094,0.794415,0.614819,0.666005,966,490,225,169,550,190,234,1025,366,1410,47,194,566,550,140,976,62,516,159,951,236,1321,1443,1438,1086,358,909,455,80,516,809,569,359,232,174
HotC_blocks_2025_62,974,0.008752,0.001242,0.482214,0.000435,1.32563,0.824885,0.613142,0.70362,639,339,142,130,436,109,159,830,186,945,8,61,507,355,56,561,50,300,91,649,179,899,953,976,325,649,737,184,53,423,598,444,280,143,115
HotC_blocks_2025_63,980,0.007212,0.001066,0.345647,0.000199,1.190446,0.804744,0.657381,0.635784,655,341,173,146,406,164,141,757,142,948,5,109,496,358,63,648,66,322,115,638,180,922,961,979,410,570,854,107,19,417,572,392,310,158,117
HotC_blocks_2025_64,1494,0.009796,0.001962,0.424182,0.000471,1.356513,0.784686,0.628031,0.67586,987,518,237,214,638,176,298,1203,266,1473,6,169,671,495,217,903,64,501,212,949,256,1271,1450,1503,563,931,1171,237,86,737,848,684,450,222,178
HotC_blocks_2025_65,1348,0.008666,0.001163,0.413017,0.000409,1.199337,0.73121,0.610904,0.665703,901,451,226,139,528,216,247,969,250,1295,25,156,503,414,121,921,120,396,169,909,255,1247,1357,1360,453,895,1116,175,57,501,872,551,344,249,153
HotC_blocks_2025_66,1187,0.009359,0.001752,0.345739,0.000483,0.988907,0.797955,0.632489,0.673138,788,405,184,130,526,140,196,1045,319,1158,36,157,626,426,83,654,56,414,63,863,221,1043,1193,1186,476,711,561,566,60,439,827,511,328,157,144
HotC_blocks_2025_67,1502,0.007567,0.001547,0.406404,0.000336,0.936799,0.766218,0.682313,0.650056,982,495,234,214,548,182,238,1271,342,1466,45,166,794,621,113,832,56,486,225,1023,258,1391,1489,1491,1078,424,1156,300,46,606,797,661,418,227,222
HotC_blocks_2025_68,1032,0.008858,0.001759,0.320503,0.000306,1.205334,0.766928,0.703292,0.712751,685,355,162,149,443,158,197,778,269,998,14,86,563,434,123,666,65,397,102,697,171,958,1031,1029,196,836,745,227,60,399,537,460,315,167,153
HotC_blocks_2025_69,1260,0.007718,0.001309,0.396453,0.000147,1.476908,0.801441,0.705247,0.652673,841,436,214,160,493,200,214,899,204,1256,42,186,599,377,83,677,39,414,87,859,306,1125,1266,1262,314,946,1017,184,59,396,644,529,401,223,175
HotC_blocks_2025_70,1136,0.006796,0.001418,0.450188,0.000141,1.066712,0.757632,0.653202,0.728037,739,386,159,168,421,152,209,955,209,1106,18,86,444,393,87,633,78,439,125,699,178,1073,1115,1126,388,748,962,151,23,560,596,504,336,189,139
HotC_blocks_2025_71,1021,0.006998,0.001002,0.334816,0.000147,1.169451,0.791226,0.631309,0.723906,663,352,171,114,372,150,166,905,212,1018,9,125,483,406,72,646,61,371,84,794,161,950,1025,1027,325,696,851,128,42,443,674,414,298,182,114
HotC_blocks_2025_72,1357,0.006055,0.001248,0.342881,0.000208,1.048536,0.736253,0.655894,0.703273,898,466,183,199,602,214,256,1203,283,1313,33,168,675,480,77,779,115,472,140,887,253,1274,1352,1364,412,945,1007,300,50,527,874,630,332,243,165
HotC_blocks_2025_73,1060,0.008395,0.001201,0.418047,0.000263,1.181715,0.732831,0.631003,0.658104,704,350,163,154,393,149,198,941,264,1048,35,100,541,266,151,623,66,334,131,652,251,988,1037,1066,414,646,887,142,31,385,764,419,324,159,138
HotC_blocks_2025_74,1182,0.008708,0.001838,0.471753,0.000399,1.163526,0.791055,0.626037,0.697365,772,406,169,114,445,130,216,1000,239,1142,3,61,452,506,87,674,42,369,120,852,206,1011,1165,1175,286,896,913,226,43,456,723,526,350,165,153
HotC_blocks_2025_75,1420,0.008187,0.001575,0.304428,0.000478,1.317976,0.77957,0.703313,0.67391,950,483,194,192,607,222,279,1214,315,1411,38,128,748,418,172,960,104,510,177,984,337,1235,1384,1413,460,960,1137,228,55,429,813,627,342,208,168
HotC_blocks_2025_76,1455,0.007917,0.001182,0.448616,0.000439,1.227351,0.828171,0.655048,0.681337,974,486,271,134,588,166,267,1195,351,1418,21,79,611,634,127,969,117,476,164,900,233,1243,1445,1452,478,977,1069,313,73,440,745,650,394,246,180
HotC_blocks_2025_77,1363,0.009633,0.001759,0.419431,0.000362,1.433477,0.787881,0.673239,0.645648,898,469,199,139,533,169,208,1069,383,1336,10,78,666,445,180,861,106,432,162,889,332,1245,1339,1356,320,1043,1051,271,41,589,946,616,410,192,154
HotC_blocks_2025_78,1261,0.007473,0.001432,0.30623,0.000204,0.920206,0.817919,0.63434,0.685734,820,432,188,181,565,163,244,1133,334,1253,12,135,458,339,189,712,94,467,171,1008,219,1076,1243,1251,445,816,681,540,40,543,655,493,379,211,177
HotC_blocks_2025_79,1128,0.008047,0.001005,0.487683,0.000266,1.141401,0.769059,0.616933,0.693832,749,387,156,140,470,182,183,873,252,1111,21,106,506,476,108,776,67,434,150,758,266,971,1135,1130,510,618,917,164,47,507,781,477,289,149,150
HotC_blocks_2025_80,1014,0.009795,0.001061,0.437079,0.00011,1.002861,0.775358,0.655487,0.69857,677,347,189,144,424,162,181,725,251,977,24,121,368,300,143,631,45,364,111,710,251,931,998,1020,423,591,842,124,48,426,644,471,306,139,125
HotC_blocks_2025_81,1230,0.009901,0.001817,0.470509,0.000475,0.951062,0.76856,0.617103,0.651079,805,417,179,118,463,146,244,1047,361,1202,13,159,510,381,90,646,55,400,144,753,210,1145,1200,1226,507,723,974,217,39,507,850,493,352,197,142
HotC_blocks_2025_82,1276,0.006013,0.001174,0.475081,0.000277,1.490541,0.769571,0.681519,0.658192,838,425,192,156,585,191,193,904,159,1253,39,183,450,452,123,805,81,457,147,795,293,1100,1273,1273,937,339,500,725,51,570,770,586,347,240,187
HotC_blocks_2025_83,1108,0.006565,0.001571,0.337054,0.000211,1.031226,0.748284,0.692571,0.658571,740,387,182,109,440,174,179,794,234,1101,35,74,536,325,79,747,49,350,55,857,254,1011,1108,1100,338,770,850,196,62,341,595,450,287,204,142
HotC_blocks_2025_84,1418,0.00909,0.001702,0.423051,0.000404,1.207753,0.800408,0.703517,0.667581,941,481,241,192,516,210,217,1182,274,1405,6,159,575,596,202,991,110,518,101,946,278,1314,1427,1409,1012,406,1124,263,31,586,915,576,403,257,203
HotC_blocks_2025_85,1489,0.007549,0.001066,0.303831,0.000431,1.214841,0.807524,0.633443,0.664508,968,520,253,217,575,218,269,1136,401,1485,52,184,603,456,217,747,108,536,167,1188,269,1316,1449,1487,898,591,395,1054,40,557,1084,588,368,208,199
HotC_blocks_2025_86,1393,0.007366,0.001449,0.482647,0.000176,0.903016,0.73601,0.700477,0.694752,913,464,205,134,632,218,233,1216,208,1377,47,119,698,430,111,726,78,505,200,1004,329,1298,1360,1392,299,1094,1176,149,68,594,870,586,373,184,165
HotC_blocks_2025_87,1392,0.008635,0.001932,0.464196,0.000327,1.294218,0.819839,0.649952,0.662679,905,482,247,134,581,191,204,1247,198,1340,33,172,496,531,143,724,56,482,110,1096,322,1320,1364,1405,414,978,1200,126,66,545,720,611,362,229,173
HotC_blocks_2025_88,1326,0.008981,0.001076,0.479177,0.000418,0.994982,0.735179,0.665731,0.645604,884,447,245,164,501,156,231,1130,339,1287,10,68,644,351,122,822,114,425,99,969,281,1171,1335,1335,322,1004,987,311,28,581,854,541,390,247,148
HotC_blocks_2025_89,1238,0.007753,0.001899,0.492452,0.000278,1.350017,0.783166,0.663778,0.65781,810,415,202,113,557,147,189,994,299,1193,15,181,498,387,165,631,71,406,101,813,197,1091,1202,1244,754,484,682,531,25,604,645,493,373,198,157
HotC_blocks_2025_90,1345,0.00819,0.001274,0.480317,0.000186,1.430613,0.785941,0.692849,0.701285,892,452,193,138,599,214,223,977,237,1324,24,172,739,387,129,788,64,416,76,1045,258,1210,1353,1352,294,1051,958,322,65,589,742,611,328,187,166
HotC_blocks_2025_91,1020,0.00694,0.00183,0.48965,0.000222,1.058709,0.757989,0.637772,0.633593,681,340,158,92,454,156,200,873,165,989,28,88,472,256,57,619,65,372,64,716,172,876,1006,1013,555,465,776,220,24,345,474,448,268,149,125
HotC_blocks_2025_92,992,0.006205,0.001493,0.388421,0.000234,1.136743,0.782994,0.626137,0.6872,660,342,138,98,383,130,163,829,110,953,15,118,385,375,75,671,83,317,72,676,172,909,995,995,398,594,733,225,34,430,526,393,316,138,148
HotC_blocks_2025_93,1068,0.006676,0.001352,0.452335,0.000303,1.282741,0.828517,0.686801,0.673436,703,365,181,128,453,118,177,807,134,1029,25,109,427,367,105,575,73,393,137,769,214,914,1048,1059,878,190,468,539,61,483,482,416,288,148,118
HotC_blocks_2025_94,1365,0.009772,0.001324,0.432228,0.000361,1.050648,0.795043,0.631233,0.642201,906,453,259,137,572,183,201,963,306,1354,45,134,689,524,167,816,92,505,122,1039,285,1182,1325,1361,448,917,964,327,74,450,962,640,406,241,204
HotC_blocks_2025_95,1361,0.009169,0.001676,0.435927,0.000478,1.077494,0.730111,0.637195,0.651789,902,466,225,123,589,176,244,1104,229,1313,5,181,726,517,82,789,100,500,84,816,301,1205,1334,1347,444,917,1044,262,55,431,836,572,392,208,162
HotC_blocks_2025_96,1168,0.00792,0.001138,0.316208,0.000432,1.486077,0.770473,0.618765,0.636581,780,396,174,138,457,162,223,955,279,1138,34,136,436,425,88,771,64,454,69,883,253,1082,1147,1167,713,455,561,560,47,416,630,481,352,197,167
HotC_blocks_2025_97,1356,0.008342,0.001544,0.346748,0.000355,1.392041,0.734158,0.659813,0.698931,888,455,226,195,597,196,249,1048,309,1327,10,162,625,436,191,683,66,400,171,1004,248,1244,1336,1362,412,944,1147,176,33,565,1004,569,332,203,176
HotC_blocks_2025_98,1255,0.006244,0.001499,0.321267,0.000146,1.464629,0.817266,0.655209,0.728581,815,429,209,147,501,172,206,1061,159,1214,9,95,571,341,171,702,49,448,67,908,275,1093,1219,1251,660,595,847,357,51,546,787,504,318,229,166
HotC_blocks_2025_99,1108,0.007486,0.001614,0.404733,0.000228,1.181949,0.780249,0.630077,0.661501,737,385,167,120,420,166,176,994,182,1081,26,144,491,370,165,556,92,337,142,801,204,1038,1075,1101,369,739,988,93,27,360,561,472,332,204,158
HotC_blocks_2025_100,1528,0.009282,0.001826,0.4176,0.000241,1.37987,0.785469,0.692593,0.693146,1017,522,236,225,632,223,234,1260,327,1478,3,168,768,541,111,967,53,510,101,973,260,1357,1485,1524,836,692,517,972,39,612,716,604,436,250,221
HotC_blocks_2025_101,1255,0.009839,0.001049,0.319602,0.000118,1.011166,0.784127,0.674557,0.634559,839,435,185,118,473,147,184,1008,187,1222,49,148,677,349,110,766,43,364,146,914,239,1128,1238,1243,342,913,860,340,55,559,683,528,324,170,147
HotC_blocks_2025_102,1288,0.006831,0.001588,0.322473,0.000233,1.36898,0.773705,0.672775,0.694746,858,433,220,190,557,179,229,1092,286,1237,10,168,521,510,112,778,43,396,187,1002,277,1154,1284,1291,431,857,911,301,76,389,861,561,353,177,162
HotC_blocks_2025_103,1548,0.008677,0.001484,0.383678,0.000243,1.256268,0.787559,0.626146,0.677174,1023,528,220,208,561,203,289,1258,235,1529,35,200,769,575,152,815,70,513,170,1087,276,1316,1532,1541,585,963,1092,415,41,610,739,681,439,239,202
HotC_blocks_2025_104,922,0.006785,0.001023,0.472333,0.000331,1.434395,0.789695,0.691016,0.672967,613,321,151,92,356,112,142,701,194,906,15,102,337,246,61,556,39,293,83,702,139,843,919,927,869,53,281,606,35,380,598,409,290,175,127
HotC_blocks_2025_105,1016,0.006532,0.001638,0.363949,0.000123,0.982578,0.730093,0.700322,0.632462,664,343,153,147,369,142,183,900,227,1008,3,90,431,434,66,538,50,300,69,805,195,927,1015,1013,226,790,770,210,36,306,616,471,309,182,144
HotC_blocks_2025_106,1413,0.009588,0.001846,0.336563,0.000483,1.126006,0.763924,0.616243,0.678617,921,473,210,195,632,181,270,1231,357,1364,39,204,687,446,141,888,85,426,114,1074,333,1220,1424,1408,507,906,988,380,45,666,691,630,422,241,169
HotC_blocks_2025_107,1300,0.008553,0.001307,0.471936,0.000484,1.030628,0.738815,0.629454,0.712055,862,445,200,162,508,180,243,1165,372,1296,20,125,638,564,83,729,49,456,104,864,204,1150,1305,1293,478,822,1086,138,76,541,973,601,335,173,156
HotC_blocks_2025_108,1255,0.007376,0.001521,0.388133,0.000452,1.203312,0.780776,0.623837,0.728274,822,415,213,157,503,169,234,927,331,1237,21,120,503,502,127,708,82,488,117,984,231,1073,1227,1252,897,358,674,519,62,418,610,496,373,233,159
HotC_blocks_2025_109,1137,0.007231,0.001242,0.314601,0.000398,1.326601,0.75345,0.684938,0.721784,741,380,198,121,480,130,190,963,269,1128,39,144,550,291,117,577,89,366,120,745,259,1067,1121,1145,289,848,906,165,66,368,517,525,279,215,168
HotC_blocks_2025_110,1290,0.006934,0.001068,0.337425,0.000322,1.074817,0.771739,0.647687,0.71759,861,438,193,124,587,146,203,979,211,1246,40,80,615,354,73,879,53,480,134,794,316,1128,1295,1281,822,468,444,772,74,621,897,594,330,189,156
HotC_blocks_2025_111,1373,0.009018,0.001445,0.418444,0.00038,1.016564,0.77472,0.692982,0.695473,903,471,188,156,603,169,207,1222,194,1332,53,169,672,577,84,880,82,512,138,994,271,1232,1373,1376,1166,207,655,646,72,603,998,625,391,233,201
HotC_blocks_2025_112,931,0.006594,0.001596,0.462877,0.000253,0.979361,0.749669,0.633748,0.65999,617,318,159,104,411,113,156,800,126,897,32,78,453,237,110,524,31,326,68,630,147,805,914,923,394,537,804,97,30,451,464,435,238,162,122
HotC_blocks_2025_113,1073,0.006324,0.001877,0.445774,0.000221,1.259624,0.750126,0.699024,0.641491,697,364,177,133,392,138,182,797,294,1033,20,127,431,402,142,577,91,370,85,736,194,989,1074,1080,476,597,871,158,44,330,722,456,259,143,134
HotC_blocks_2025_114,1121,0.008996,0.001357,0.426949,0.000175,1.349622,0.78457,0.630406,0.659191,745,380,160,165,483,187,185,891,313,1099,31,84,492,307,79,560,36,434,83,821,262,1014,1094,1126,383,738,765,308,48,412,722,443,349,153,138
HotC_blocks_2025_115,1044,0.008457,0.001326,0.338347,0.000322,1.250352,0.750699,0.695141,0.638426,686,358,152,145,453,164,153,760,164,1023,31,139,512,454,129,585,47,375,72,645,212,973,1016,1050,415,629,875,119,50,461,751,455,260,143,144
HotC_blocks_2025_116,1313,0.007314,0.001487,0.304953,0.0002,1.144734,0.757964,0.623637,0.702801,874,440,231,148,539,211,242,1130,167,1264,46,116,535,518,175,882,64,492,71,800,278,1124,1290,1317,586,727,856,406,51,599,886,560,403,179,157
HotC_blocks_2025_117,1101,0.007512,0.001981,0.393251,0.000417,1.141384,0.772495,0.648288,0.701908,727,384,159,105,439,161,211,846,254,1072,27,152,436,364,164,741,70,376,86,774,258,1011,1080,1094,279,822,894,180,27,368,676,443,269,164,130
HotC_blocks_2025_118,1537,0.008237,0.001515,0.319916,0.000106,1.478211,0.767699,0.670321,0.637972,1020,535,252,149,642,239,252,1346,353,1530,38,97,633,446,216,1002,108,491,105,1154,303,1341,1528,1522,415,1122,1069,425,43,501,785,693,421,251,170
HotC_blocks_2025_119,1330,0.006035,0.001382,0.360362,0.000115,1.203219,0.770303,0.673456,0.692119,867,464,187,155,543,211,194,1045,300,1288,33,189,730,341,97,747,71,417,93,1051,321,1136,1308,1327,818,512,359,905,66,543,859,547,382,211,153
HotC_blocks_2025_120,1355,0.008969,0.001228,0.311692,0.00022,1.184585,0.746802,0.64548,0.669998,882,462,248,134,568,203,223,1138,246,1328,0,161,653,349,117,942,74,460,191,1007,282,1259,1361,1353,1052,303,747,577,31,640,805,535,384,210,196
HotC_blocks_2025_121,1336,0.006883,0.001158,0.312441,0.000429,1.086829,0.77017,0.660275,0.713945,885,457,187,161,576,224,203,937,153,1302,43,67,589,421,73,788,60,434,161,940,217,1264,1329,1343,273,1063,1131,157,48,650,784,552,380,182,179
HotC_blocks_2025_122,1367,0.007731,0.001536,0.395397,0.000256,1.432455,0.819393,0.643582,0.691507,913,477,219,160,530,229,203,1115,213,1327,22,204,493,499,79,725,77,466,103,906,216,1203,1378,1379,372,995,1185,111,71,669,652,550,433,221,151
HotC_blocks_2025_123,1179,0.0078,0.001693,0.446632,0.000498,1.072507,0.783822,0.663332,0.670565,770,412,213,141,495,145,203,989,239,1178,28,102,594,334,104,671,65,434,116,894,244,1042,1181,1172,286,893,1029,96,54,474,688,551,336,214,136
HotC_blocks_2025_124,1003,0.009472,0.001583,0.443603,0.000249,0.95547,0.77579,0.649448,0.716706,656,350,188,105,395,164,198,791,164,983,27,77,498,261,55,578,51,322,99,666,169,883,1012,1001,597,406,717,239,47,444,634,398,295,134,134
HotC_blocks_2025_125,1235,0.007113,0.001395,0.437438,0.000426,1.150435,0.760967,0.703783,0.697714,805,409,196,127,475,200,179,1041,190,1223,35,62,558,343,168,832,68,413,99,918,229,1082,1219,1224,470,765,1056,143,36,527,923,558,318,173,178
HotC_blocks_2025_126,1455,0.007216,0.001812,0.358783,0.000279,1.336211,0.799292,0.708737,0.652516,965,497,269,144,633,209,227,1156,242,1430,51,155,693,514,80,795,86,467,99,1019,265,1274,1438,1444,1093,362,1084,297,74,671,989,580,424,261,193
HotC_blocks_2025_127,973,0.007062,0.001807,0.350361,0.000429,0.951161,0.816618,0.659919,0.659654,637,329,184,100,360,141,164,783,227,944,35,91,365,387,111,547,65,303,91,758,158,864,975,982,294,679,662,259,52,325,565,415,294,161,132
HotC_blocks_2025_128,1363,0.0063,0.001223,0.381579,0.000239,0.912987,0.739178,0.678095,0.717932,899,464,198,185,593,198,208,980,153,1340,44,185,603,554,197,756,73,522,114,1066,338,1248,1366,1369,866,497,943,357,63,436,618,546,405,256,203
HotC_blocks_2025_129,1070,0.009477,0.001737,0.400208,0.000329,0.982336,0.823766,0.645193,0.674615,709,360,155,136,387,163,182,878,242,1049,24,126,535,423,146,575,57,411,95,668,216,921,1046,1080,876,194,576,454,40,376,750,478,315,196,147
HotC_blocks_2025_130,1204,0.008775,0.001306,0.451848,0.000348,0.946447,0.781284,0.64433,0.662857,797,405,212,113,512,190,217,962,349,1170,0,112,429,530,85,791,92,375,134,733,238,1025,1212,1215,292,912,980,157,67,499,668,549,336,222,177
HotC_blocks_2025_131,1318,0.009936,0.001292,0.358963,0.000242,1.238756,0.755232,0.701529,0.656569,880,437,223,190,496,221,220,1171,310,1281,9,105,485,367,79,770,102,400,83,960,223,1133,1287,1329,528,790,1009,247,62,575,841,542,320,207,191
HotC_blocks_2025_132,1164,0.00933,0.001992,0.332723,0.000377,1.304576,0.827996,0.70856,0.698668,762,402,158,159,524,154,207,914,218,1131,35,167,626,331,160,753,52,345,89,910,248,1073,1141,1169,223,941,976,127,61,403,751,491,334,158,128
HotC_blocks_2025_133,1176,0.006709,0.001007,0.461099,0.000131,1.148224,0.797889,0.63368,0.638396,782,402,222,130,430,181,201,873,301,1138,12,69,505,392,119,754,99,357,65,709,193,1076,1174,1182,291,885,1016,108,52,584,656,529,329,161,156
HotC_blocks_2025_134,1318,0.006138,0.001635,0.471786,0.000238,1.134177,0.819102,0.691361,0.701495,863,458,183,168,478,195,206,1041,222,1274,32,182,714,380,160,834,66,384,156,1040,281,1177,1306,1310,503,815,942,336,40,654,744,532,353,206,148
HotC_blocks_2025_135,1203,0.008391,0.001739,0.305834,0.000316,0.931744,0.800114,0.615573,0.721173,798,409,188,117,468,195,233,842,263,1189,29,69,473,360,160,712,71,461,136,938,235,1040,1211,1202,612,591,563,575,65,585,877,481,325,158,173
HotC_blocks_2025_136,1353,0.008524,0.001715,0.385969,0.000223,1.477328,0.826449,0.638944,0.677963,905,446,209,129,555,150,222,1006,279,1352,43,182,645,349,95,926,70,406,162,892,239,1285,1358,1350,599,754,1204,116,33,577,973,595,339,185,194
HotC_blocks_2025_137,1300,0.007626,0.001772,0.396775,0.000459,1.444657,0.738742,0.703649,0.712553,865,434,231,183,505,217,185,948,269,1277,33,67,704,336,83,653,83,498,151,993,196,1175,1284,1299,264,1036,947,302,51,428,837,524,402,216,151
HotC_blocks_2025_138,1292,0.008572,0.001763,0.416986,0.000206,0.918806,0.741945,0.67223,0.723442,845,445,235,156,551,205,201,981,129,1290,47,163,472,438,77,650,86,498,181,955,206,1133,1269,1298,511,781,1138,114,40,504,626,550,398,213,146
HotC_blocks_2025_139,1322,0.007898,0.001361,0.371745,0.000312,1.250638,0.809686,0.644097,0.710547,868,437,215,165,599,203,257,1165,292,1297,29,195,667,358,169,706,75,411,157,1025,236,1134,1298,1326,358,964,1044,237,41,589,625,585,342,210,160
HotC_blocks_2025_140,1488,0.008255,0.001205,0.448399,0.000121,1.411526,0.74982,0.69744,0.665253,988,500,274,145,562,207,215,1099,429,1486,22,211,682,452,178,940,132,470,174,908,240,1265,1502,1496,1029,459,1172,270,46,558,1007,644,366,195,169
HotC_blocks_2025_141,1309,0.008798,0.001112,0.469893,0.000313,1.182793,0.82811,0.684038,0.641801,870,434,172,149,601,157,236,961,320,1283,35,92,653,587,152,783,111,381,160,1018,204,1171,1280,1310,983,326,783,481,45,434,936,511,406,215,161
HotC_blocks_2025_142,1320,0.008374,0.00121,0.323266,0.000488,0.913189,0.81027,0.688804,0.659721,861,439,226,169,578,219,239,965,196,1311,11,75,647,436,187,831,46,507,100,881,251,1128,1306,1310,382,938,969,317,34,492,741,530,401,227,155
HotC_blocks_2025_143,1111,0.007517,0.001047,0.335288,0.000482,0.942243,0.765493,0.660318,0.679328,722,377,170,164,417,145,183,864,259,1076,9,136,500,369,74,597,34,332,117,864,198,980,1082,1108,379,732,166,884,61,438,673,450,307,204,124
HotC_blocks_2025_144,1540,0.007364,0.0019,0.488176,0.000368,1.298654,0.775275,0.693554,0.726161,1024,527,256,217,637,243,262,1097,272,1505,8,92,703,411,123,999,135,557,229,1139,276,1412,1537,1536,290,1250,1183,317,40,636,925,602,414,255,221
HotC_blocks_2025_145,1082,0.008097,0.001671,0.353888,0.000211,1.460048,0.802353,0.667719,0.694772,703,370,173,132,428,124,164,963,196,1058,2,58,533,386,109,593,80,331,74,748,193,946,1077,1085,434,648,873,145,64,453,717,422,304,143,143
HotC_blocks_2025_146,1495,0.009874,0.001541,0.391641,0.000478,1.304166,0.73649,0.656573,0.654025,985,506,246,166,562,209,283,1245,250,1491,54,106,535,595,198,1036,124,523,153,905,261,1339,1487,1496,568,927,1296,145,54,672,983,701,392,239,184
HotC_blocks_2025_147,1328,0.009675,0.00144,0.409756,0.000419,1.249841,0.826022,0.676034,0.682271,863,449,196,179,505,162,201,962,215,1321,41,164,676,403,184,700,66,463,80,990,250,1232,1314,1319,1093,235,897,372,59,575,748,619,411,229,183
HotC_blocks_2025_148,1441,0.008891,0.001032,0.419055,0.000316,1.481289,0.778421,0.61636,0.685169,960,504,224,157,649,175,254,1125,155,1403,15,170,777,437,188,736,89,428,206,1085,310,1343,1435,1454,1096,345,1027,355,59,468,904,617,417,188,169
HotC_blocks_2025_149,1121,0.007074,0.001492,0.467346,0.000165,1.066173,0.73658,0.680599,0.653821,737,379,205,128,419,158,221,920,332,1113,1,129,456,405,87,638,95,348,154,679,178,1048,1115,1126,268,853,848,230,43,551,731,518,334,195,126
HotC_blocks_2025_150,998,0.009433,0.001233,0.323101,0.00023,1.032263,0.822529,0.696797,0.679968,649,343,167,147,415,129,170,894,238,984,9,124,499,312,98,557,45,292,78,709,149,876,1003,999,909,89,748,198,52,322,645,416,299,162,127
HotC_blocks_2025_151,977,0.009525,0.001078,0.441361,0.000468,1.06241,0.767049,0.666892,0.718171,653,336,132,127,391,135,139,721,252,955,11,86,508,390,75,511,44,373,105,690,204,866,979,977,210,767,685,261,31,463,663,400,237,132,135
HotC_blocks_2025_152,1521,0.008361,0.001423,0.340175,0.000222,1.2147,0.795187,0.687948,0.706717,1018,510,204,168,660,207,287,1231,434,1517,4,145,717,458,137,966,66,532,182,940,303,1332,1519,1511,638,883,1212,254,55,586,951,656,383,203,211
HotC_blocks_2025_153,986,0.008289,0.001442,0.369344,0.000399,1.436106,0.805679,0.6432,0.704444,643,327,148,136,379,112,145,859,223,956,21,101,474,292,134,554,70,287,86,660,201,845,987,980,357,629,717,224,45,365,682,407,281,172,123
HotC_blocks_2025_154,1314,0.007626,0.001851,0.459697,0.000207,1.046724,0.752732,0.643924,0.67982,865,439,181,119,493,200,203,1042,286,1308,46,163,469,479,169,661,82,493,127,789,198,1171,1282,1318,488,826,1060,221,33,595,902,579,405,228,190
HotC_blocks_2025_155,1314,0.006296,0.001993,0.381579,0.000215,1.234728,0.760431,0.618646,0.630143,865,455,215,197,510,166,196,962,206,1303,47,193,520,560,108,686,108,464,87,901,234,1213,1298,1326,260,1054,1035,237,42,585,936,611,399,237,173
HotC_blocks_2025_156,1238,0.007332,0.001125,0.32131,0.000375,1.055877,0.755466,0.70982,0.648793,808,410,204,158,490,175,231,1069,360,1229,27,84,458,322,144,818,74,365,128,974,259,1152,1240,1248,479,759,1075,113,50,402,914,511,381,189,152
HotC_blocks_2025_157,1251,0.009616,0.001157,0.373328,0.000348,0.995637,0.826802,0.701475,0.646695,816,414,230,127,502,171,220,893,181,1247,45,160,442,394,141,694,105,442,71,978,307,1073,1240,1246,360,891,862,339,50,396,795,521,385,195,147
HotC_blocks_2025_158,1017,0.007943,0.001704,0.305958,0.000104,0.945074,0.783566,0.695446,0.630488,680,337,183,120,433,143,171,881,255,995,4,62,518,361,99,646,82,358,128,765,188,892,1019,1014,1009,8,539,432,46,382,688,451,287,138,144
HotC_blocks_2025_159,1481,0.006194,0.00121,0.413178,0.000346,0.923735,0.770304,0.674915,0.699807,981,498,200,171,552,247,249,1130,375,1451,18,194,775,569,81,908,112,449,107,1149,225,1370,1464,1479,276,1205,1134,278,69,652,1091,640,402,277,200
HotC_blocks_2025_160,1176,0.007687,0.001691,0.480566,0.00044,1.148596,0.741239,0.617563,0.687706,779,408,173,117,467,154,173,981,237,1162,16,97,522,500,63,777,61,441,153,787,258,1018,1182,1173,357,819,973,149,54,444,659,523,318,177,168
HotC_blocks_2025_161,997,0.008704,0.001249,0.3031,0.000167,1.263997,0.800913,0.612106,0.633643,666,330,183,103,432,128,190,837,179,960,29,111,349,251,130,550,67,334,135,781,248,862,1001,992,338,659,709,265,23,436,683,452,250,156,142
HotC_blocks_2025_162,1538,0.009719,0.001484,0.39809,0.000148,1.381594,0.754697,0.699961,0.721082,1028,523,262,210,573,224,218,1229,201,1487,22,143,729,407,154,825,99,544,162,1149,282,1424,1518,1537,546,992,1176,313,49,487,734,713,453,211,191
HotC_blocks_2025_163,1150,0.009342,0.001044,0.347327,0.000456,0.905499,0.75014,0.705902,0.69134,753,381,151,120,515,155,210,1016,208,1112,23,161,587,302,137,706,97,347,118,892,219,1032,1118,1144,898,252,587,510,53,382,685,516,355,192,157
HotC_blocks_2025_164,1190,0.009097,0.001656,0.394333,0.000329,0.927842,0.792396,0.67261,0.71912,785,394,176,153,456,150,225,972,240,1157,34,93,591,314,162,713,67,417,133,745,268,1044,1197,1197,514,676,801,320,69,512,698,501,316,224,137
HotC_blocks_2025_165,1044,0.009085,0.001228,0.484445,0.000337,1.127955,0.780194,0.670507,0.685989,688,355,146,144,432,123,194,925,302,1017,5,106,388,456,71,574,56,342,135,721,174,915,1033,1036,360,684,707,279,58,510,546,418,275,191,155
HotC_blocks_2025_166,994,0.008186,0.001569,0.368635,0.000325,0.943886,0.806464,0.638469,0.718761,653,330,170,99,432,167,185,700,218,981,32,55,443,354,66,561,56,371,142,721,188,870,1003,1003,425,569,717,241,36,363,669,393,242,155,127
HotC_blocks_2025_167,1246,0.006505,0.001123,0.329491,0.000112,0.943039,0.795987,0.653158,0.70636,834,427,165,119,558,176,236,1085,355,1243,27,104,675,447,70,783,81,472,143,834,307,1158,1240,1240,656,590,742,444,60,493,711,501,343,219,150
HotC_blocks_2025_168,1069,0.006266,0.001989,0.307858,0.000362,1.165642,0.824892,0.6346,0.683209,705,367,143,108,407,164,161,870,152,1063,40,108,449,317,58,591,74,367,154,726,234,960,1058,1064,325,744,748,286,35,329,640,463,270,187,159
HotC_blocks_2025_169,1296,0.009501,0.001704,0.390769,0.000316,1.40976,0.778013,0.647321,0.679325,857,432,238,169,548,150,228,938,149,1271,20,141,476,435,87,903,82,464,106,802,320,1138,1279,1299,671,625,844,423,29,430,931,576,336,173,178
HotC_blocks_2025_170,944,0.007876,0.001504,0.417016,0.000305,1.197414,0.763273,0.617118,0.638952,621,318,151,102,404,152,149,697,116,929,16,64,453,264,99,571,69,278,131,699,162,819,931,949,382,562,848,76,20,455,644,402,283,176,132
HotC_blocks_2025_171,1392,0.00823,0.001256,0.430166,0.000147,1.221846,0.773715,0.636787,0.6904,929,487,231,159,532,174,234,1076,393,1356,20,122,720,529,155,789,110,409,190,977,264,1252,1387,1378,576,816,1191,149,52,555,794,618,380,261,186
HotC_blocks_2025_172,1248,0.006437,0.001397,0.36737,0.000328,1.416668,0.737834,0.617257,0.715032,816,428,202,174,464,146,216,1109,228,1214,30,178,645,560,65,652,83,464,97,808,285,1067,1228,1248,413,835,942,252,54,511,801,512,307,171,148
HotC_blocks_2025_173,1124,0.007825,0.001492,0.307326,0.000178,1.396045,0.813077,0.639242,0.71749,747,380,196,165,456,139,220,922,136,1104,22,152,512,338,132,683,49,390,148,680,239,994,1103,1121,308,816,844,254,26,551,715,501,296,173,133
HotC_blocks_2025_174,1348,0.009667,0.001705,0.434356,0.000258,0.900771,0.742016,0.663455,0.697513,887,464,217,127,511,216,247,1184,166,1347,11,68,740,412,157,721,87,512,110,989,227,1230,1325,1340,756,592,720,588,40,525,736,605,428,210,194
HotC_blocks_2025_175,1189,0.006629,0.001691,0.402687,0.00036,1.433812,0.774043,0.700118,0.705067,784,406,177,177,507,133,189,980,132,1142,21,99,520,359,79,758,72,368,97,854,186,1028,1156,1196,455,734,889,254,46,509,548,522,359,190,147
HotC_blocks_2025_176,1010,0.006126,0.001726,0.467157,0.000266,1.358927,0.747461,0.642226,0.72743,676,343,187,122,393,127,197,741,218,992,29,100,408,286,113,650,64,367,64,784,210,871,998,1016,425,585,889,100,21,416,665,458,269,131,130
HotC_blocks_2025_177,1528,0.009363,0.001033,0.37335,0.000195,1.168364,0.737238,0.705413,0.652326,1021,517,288,188,692,168,282,1345,195,1472,25,219,700,543,97,764,120,456,173,1196,261,1400,1486,1531,523,1005,1066,395,67,510,1027,632,447,213,210
HotC_blocks_2025_178,1176,0.007701,0.001247,0.449675,0.000205,1.42903,0.819182,0.629644,0.691385,766,397,203,152,496,149,191,847,286,1152,33,88,487,372,61,668,91,446,119,812,180,1102,1141,1186,368,808,1027,99,50,481,606,498,343,204,129
HotC_blocks_2025_179,991,0.009423,0.001681,0.337316,0.000208,1.380398,0.775387,0.677054,0.661835,651,346,143,119,440,123,163,815,194,969,14,107,470,377,56,620,86,341,120,704,233,934,968,989,770,221,434,536,21,401,642,402,309,178,127
HotC_blocks_2025_180,1538,0.008273,0.00144,0.313448,0.000286,1.392442,0.791454,0.693216,0.679401,1003,507,227,202,675,196,261,1206,280,1490,8,107,555,445,78,961,75,595,106,1029,285,1308,1543,1523,1098,440,851,617,70,580,990,605,375,242,202
HotC_blocks_2025_181,1013,0.008257,0.001494,0.446375,0.000254,1.46698,0.77818,0.667121,0.712553,664,335,174,120,455,171,166,793,183,985,31,127,451,262,82,565,79,302,132,743,226,904,1010,1015,680,333,628,361,24,392,751,398,268,150,137
HotC_blocks_2025_182,1544,0.00638,0.001095,0.445637,0.00023,1.486454,0.733735,0.654511,0.641314,1014,540,283,143,642,229,235,1125,433,1542,61,199,745,492,103,796,110,568,204,1208,367,1466,1512,1552,523,1021,1106,400,38,471,1013,676,486,222,175
HotC_blocks_2025_183,1180,0.009623,0.001516,0.33075,0.000469,1.354481,0.803171,0.680918,0.650034,771,405,168,137,517,185,197,1012,315,1163,10,91,487,322,91,639,67,449,71,877,258,1014,1188,1181,330,850,897,258,25,552,689,520,304,201,166
HotC_blocks_2025_184,1464,0.007088,0.001723,0.341239,0.0002,1.101877,0.788916,0.655442,0.704514,957,483,258,203,535,214,238,1257,402,1455,45,112,750,522,80,865,126,554,88,1096,337,1284,1447,1470,440,1024,1013,384,67,665,816,592,426,219,211
HotC_blocks_2025_185,1245,0.007028,0.001949,0.333952,0.000486,0.908914,0.778113,0.643337,0.674912,823,421,192,166,533,199,192,1023,270,1213,24,101,471,364,75,792,86,479,153,759,296,1165,1229,1247,550,695,1091,120,34,483,778,566,397,190,139
HotC_blocks_2025_186,1376,0.009849,0.001428,0.339495,0.000351,1.310864,0.742544,0.688648,0.631806,907,463,239,149,609,200,258,1235,324,1375,1,115,511,416,184,696,84,477,146,956,315,1187,1351,1379,504,872,1103,224,49,422,846,614,342,204,194
HotC_blocks_2025_187,1288,0.007009,0.001534,0.46476,0.000141,1.465812,0.809507,0.628125,0.701201,847,435,227,190,479,174,217,998,222,1239,35,120,500,532,167,769,61,455,101,833,287,1099,1254,1275,289,999,1078,177,33,448,941,555,346,234,162
HotC_blocks_2025_188,1131,0.006829,0.001378,0.363337,0.000371,1.07375,0.78772,0.616589,0.649129,744,394,172,146,436,133,162,860,148,1093,34,58,522,368,113,692,55,361,139,875,191,972,1137,1127,640,491,621,464,46,385,662,513,324,153,149
HotC_blocks_2025_189,980,0.009637,0.001102,0.309831,0.000102,1.096842,0.796039,0.683041,0.675326,650,330,166,90,391,154,184,826,138,950,39,59,378,270,81,531,58,330,137,594,178,891,974,979,766,214,435,521,24,467,631,395,237,135,131
HotC_blocks_2025_190,1186,0.006101,0.001723,0.462073,0.000419,0.976541,0.82033,0.677228,0.719753,781,401,210,113,488,189,225,1056,284,1148,0,116,536,353,74,732,89,461,149,899,251,1125,1180,1194,514,672,1042,113,31,369,571,480,317,192,164
HotC_blocks_2025_191,1294,0.009301,0.001126,0.48062,0.000446,1.17875,0.804437,0.671945,0.710308,852,447,204,189,528,178,242,1118,272,1251,24,189,647,533,68,768,89,482,71,997,265,1125,1271,1288,419,875,949,313,32,448,758,558,389,202,183
HotC_blocks_2025_192,1319,0.007795,0.001063,0.395212,0.000376,1.264626,0.783814,0.656882,0.659376,864,448,184,145,517,191,189,1142,280,1301,37,104,585,582,167,915,98,405,74,943,245,1157,1322,1315,353,966,1050,199,70,620,761,521,316,212,163
HotC_blocks_2025_193,1221,0.007401,0.001452,0.326703,0.000119,1.365246,0.787068,0.68607,0.644986,807,409,175,110,455,156,179,1095,197,1178,9,132,442,515,178,670,69,356,139,833,216,1063,1216,1218,282,939,884,307,30,558,796,487,360,191,180
HotC_blocks_2025_194,977,0.008956,0.001198,0.468675,0.000182,1.345739,0.79856,0.685889,0.683269,647,341,132,106,411,163,142,688,108,939,35,119,474,346,125,518,52,331,59,668,177,833,953,982,184,793,689,234,54,476,693,403,260,152,112
HotC_blocks_2025_195,1370,0.007264,0.001424,0.361865,0.000212,1.483338,0.745336,0.683333,0.630041,906,477,201,138,582,209,248,1046,206,1367,50,131,711,466,126,727,76,470,71,943,312,1257,1363,1381,702,668,772,553,45,448,981,585,425,226,187
HotC_blocks_2025_196,1009,0.008637,0.001398,0.402727,0.000421,1.12419,0.768812,0.619569,0.721458,657,346,156,115,431,115,177,862,268,975,36,116,531,350,105,689,84,337,78,684,190,886,989,1016,435,574,666,321,22,357,686,464,260,159,129
HotC_blocks_2025_197,1328,0.009104,0.001798,0.407584,0.000224,0.98702,0.803681,0.670139,0.695545,863,462,177,148,531,146,225,1129,351,1321,25,150,485,461,86,762,66,441,142,1036,251,1259,1328,1328,470,858,990,260,78,567,929,602,355,193,168
HotC_blocks_2025_198,1167,0.008697,0.001221,0.30696,0.000264,1.073516,0.810898,0.690036,0.675702,772,399,209,134,452,146,200,921,219,1124,33,83,454,388,84,719,61,390,121,747,193,1094,1152,1164,225,942,888,223,56,391,613,530,368,161,151
HotC_blocks_2025_199,1243,0.006137,0.00117,0.399941,0.000338,0.989041,0.769884,0.70044,0.72989,832,432,191,163,499,185,197,1020,254,1194,39,63,507,312,108,637,105,412,119,832,264,1154,1237,1249,525,718,1035,152,56,498,826,567,372,224,139
HotC_blocks_2025_200,965,0.008766,0.001883,0.399143,0.000225,1.3522,0.752007,0.648853,0.716573,641,326,137,107,374,116,178,724,184,941,37,85,353,258,105,598,53,321,53,678,193,834,940,957,202,763,815,125,25,474,681,394,256,137,125
HotC_blocks_2025_201,1480,0.006454,0.001806,0.350641,0.0002,1.254229,0.737012,0.61263,0.656103,977,515,267,176,538,210,269,1136,180,1437,45,125,758,464,98,869,84,431,91,942,238,1308,1492,1480,518,962,1296,125,59,587,736,667,413,222,171
HotC_blocks_2025_202,1295,0.008747,0.001841,0.38297,0.000407,0.924306,0.742291,0.630307,0.670195,863,436,219,171,542,170,226,995,151,1294,6,74,680,401,148,732,69,409,109,883,287,1166,1305,1283,1073,222,953,287,55,609,676,595,312,225,190
HotC_blocks_2025_203,1175,0.007756,0.001045,0.484023,0.000288,0.917398,0.798982,0.658184,0.642435,768,389,193,149,482,186,225,967,120,1160,19,125,563,376,166,618,82,341,167,731,187,1037,1157,1168,1030,145,853,261,61,514,784,523,311,159,142
HotC_blocks_2025_204,1339,0.006699,0.001849,0.359639,0.000339,1.201706,0.735188,0.704223,0.682723,879,446,201,122,530,189,257,1121,163,1293,22,93,476,550,69,891,51,518,147,1000,215,1253,1343,1343,423,916,1002,265,72,497,646,567,399,182,158
HotC_blocks_2025_205,1227,0.008574,0.001088,0.478707,0.000256,1.088022,0.776236,0.649007,0.716358,820,412,223,167,555,153,214,926,324,1178,27,102,508,465,165,762,99,388,125,846,185,1111,1222,1229,973,254,813,361,53,435,581,520,348,183,170
HotC_blocks_2025_206,1313,0.007331,0.001755,0.429739,0.000355,1.232057,0.731139,0.679651,0.667604,878,454,216,138,499,171,221,996,266,1269,51,79,704,568,134,846,73,463,110,866,272,1181,1304,1307,369,944,1112,171,30,421,911,516,384,192,190
HotC_blocks_2025_207,1008,0.008134,0.001101,0.474515,0.000303,1.384779,0.766809,0.622508,0.63415,660,337,164,92,415,134,176,847,228,1007,5,93,438,336,117,602,61,335,150,791,182,868,1011,1018,264,744,752,224,32,419,739,458,301,175,118
HotC_blocks_2025_208,1423,0.00802,0.00103,0.326362,0.000455,1.351008,0.772287,0.661715,0.667,946,491,250,189,541,185,239,1090,357,1384,7,127,776,420,158,834,48,482,171,999,337,1250,1385,1435,902,521,760,594,69,465,764,571,433,203,197
HotC_blocks_2025_209,1168,0.008817,0.001803,0.347781,0.000117,1.274333,0.786251,0.650213,0.694389,772,391,179,135,523,195,226,985,253,1153,43,87,533,453,137,642,76,431,113,886,217,1102,1157,1170,224,944,930,191,47,365,817,528,297,196,166
HotC_blocks_2025_210,989,0.006676,0.001126,0.486529,0.000342,1.295694,0.770179,0.700898,0.693793,658,333,185,137,440,119,154,748,152,983,1,56,400,286,72,652,63,287,91,674,159,907,987,993,371,618,694,240,55,299,722,449,303,134,138
HotC_blocks_2025_211,1357,0.006612,0.001506,0.382641,0.000451,0.975633,0.817521,0.661221,0.670436,886,466,251,152,521,194,254,950,307,1335,17,129,541,553,153,823,72,433,179,936,271,1224,1340,1350,605,752,924,403,30,623,673,597,362,186,171
HotC_blocks_2025_212,934,0.009364,0.001513,0.327832,0.000195,1.168785,0.748887,0.63686,0.683439,622,315,161,133,356,147,173,720,278,906,9,118,408,295,63,609,72,323,136,619,160,857,934,928,445,489,491,414,29,466,670,402,285,167,137
HotC_blocks_2025_213,1154,0.008929,0.001611,0.464059,0.000262,1.032901,0.781202,0.664884,0.683833,763,402,212,164,507,192,168,868,229,1146,23,144,435,346,142,615,58,365,98,855,215,1044,1123,1161,617,537,692,399,63,488,667,466,363,202,136
HotC_blocks_2025_214,1343,0.009239,0.001696,0.453157,0.000276,1.329886,0.768649,0.631126,0.693268,899,451,211,175,556,215,249,955,402,1329,46,154,700,365,113,906,56,399,172,1030,223,1256,1339,1343,541,802,1107,183,53,545,928,608,384,237,158
HotC_blocks_2025_215,1025,0.009495,0.001076,0.349338,0.000378,1.145669,0.817631,0.639798,0.631187,672,350,156,125,458,168,159,812,215,1022,40,75,507,333,52,514,59,347,53,755,183,928,1006,1018,859,166,754,230,41,339,667,461,255,162,115
HotC_blocks_2025_216,924,0.009081,0.001142,0.466825,0.000103,1.027834,0.791609,0.647525,0.728419,601,323,154,114,338,116,180,712,214,923,9,99,452,261,59,546,49,333,52,734,139,840,917,917,206,718,764,126,34,342,435,410,282,137,138
HotC_blocks_2025_217,1419,0.008735,0.00102,0.447129,0.000295,1.387909,0.825464,0.702579,0.720927,936,478,224,186,636,173,276,1224,419,1412,15,85,528,437,158,937,119,500,71,904,227,1257,1404,1406,888,531,927,436,56,547,1045,577,399,247,187
HotC_blocks_2025_218,933,0.008182,0.00195,0.335889,0.00011,0.923646,0.788751,0.616164,0.725855,609,313,167,96,358,138,146,693,140,913,36,124,379,301,89,649,37,303,114,739,154,814,913,924,321,612,825,87,21,319,501,422,235,123,117
HotC_blocks_2025_219,1296,0.006134,0.00147,0.49089,0.000146,1.467759,0.803336,0.67375,0.694528,863,430,207,170,542,207,187,1086,268,1263,17,145,684,452,171,752,46,383,71,876,238,1194,1295,1284,314,982,1123,141,32,633,895,524,353,196,183
HotC_blocks_2025_220,995,0.007784,0.001225,0.445373,0.000383,0.991978,0.821475,0.616441,0.635504,650,346,160,136,380,138,160,861,103,964,6,135,441,329,94,690,80,358,78,629,240,887,976,994,423,572,720,239,36,344,744,464,305,170,121
HotC_blocks_2025_221,1478,0.007145,0.001199,0.487271,0.000107,1.162666,0.732163,0.658359,0.680105,970,491,225,192,647,209,259,1093,232,1428,14,107,670,535,213,796,101,549,156,962,260,1262,1451,1485,555,923,438,984,56,649,837,595,401,243,218
HotC_blocks_2025_222,1335,0.008349,0.001476,0.365141,0.000389,0.944797,0.821444,0.612064,0.726235,880,451,194,120,517,155,239,1019,338,1292,48,136,497,440,94,720,80,476,188,935,329,1260,1341,1335,294,1041,1082,219,34,528,607,599,328,223,189
HotC_blocks_2025_223,1206,0.008075,0.001779,0.352127,0.000165,1.102091,0.78547,0.667528,0.643088,794,404,217,131,535,163,221,967,270,1176,37,111,532,426,160,762,61,430,137,948,282,1103,1186,1212,651,555,974,205,27,516,882,470,359,204,167
HotC_blocks_2025_224,1252,0.006858,0.001634,0.452178,0.000494,1.008254,0.806603,0.64388,0.647563,824,433,197,153,575,167,221,967,223,1236,46,130,630,335,89,751,39,394,127,754,220,1128,1243,1262,444,808,921,296,35,408,817,544,379,218,169
HotC_blocks_2025_225,1419,0.008134,0.001113,0.465655,0.000201,1.366381,0.825711,0.67968,0.689603,935,478,214,181,617,213,215,1133,366,1389,30,180,684,470,198,755,127,428,73,1103,247,1309,1422,1429,1039,380,1143,225,51,666,795,620,397,239,211
HotC_blocks_2025_226,992,0.009354,0.00195,0.473871,0.000293,1.101582,0.745449,0.650032,0.666649,655,340,187,132,420,129,140,751,251,960,28,107,381,299,98,579,76,360,106,758,204,938,970,996,279,713,776,188,28,337,741,450,297,176,147
HotC_blocks_2025_227,1461,0.009449,0.001743,0.382862,0.000289,1.146751,0.822994,0.644353,0.726348,976,500,240,163,528,171,270,1160,189,1417,55,126,776,454,152,736,89,516,107,1045,313,1342,1462,1455,488,973,1015,395,51,668,929,579,446,249,172
HotC_blocks_2025_228,1201,0.008645,0.001289,0.3507,0.000232,1.061878,0.781144,0.654015,0.681243,796,405,174,120,474,185,222,1000,176,1181,27,118,552,418,127,772,43,438,76,736,297,1135,1167,1199,280,921,823,324,54,445,757,498,375,218,158
HotC_blocks_2025_229,1337,0.007917,0.001675,0.364726,0.000132,1.250061,0.824787,0.658507,0.720611,891,445,230,155,514,202,246,984,378,1323,49,109,719,432,74,872,96,467,132,810,284,1192,1326,1335,587,750,922,357,58,404,615,596,350,220,157
HotC_blocks_2025_230,1542,0.009745,0.001959,0.341622,0.000224,1.361995,0.816676,0.661923,0.729323,1002,518,258,182,573,203,218,1277,429,1534,43,148,697,427,129,828,122,588,159,1149,250,1404,1539,1540,382,1160,1061,400,81,768,782,612,411,212,201
HotC_blocks_2025_231,1184,0.006227,0.001978,0.417687,0.000323,1.293478,0.779702,0.613206,0.691231,786,400,207,122,452,141,192,1029,314,1154,27,144,471,335,174,738,105,383,142,763,208,1067,1163,1176,585,599,802,354,28,395,569,519,293,207,131
HotC_blocks_2025_232,1385,0.009563,0.001719,0.314594,0.000428,1.195821,0.814678,0.670074,0.698183,927,463,231,162,504,153,203,1149,295,1360,1,134,740,456,155,908,106,473,188,939,330,1210,1358,1372,991,394,946,362,77,646,853,608,384,212,203
HotC_blocks_2025_233,1098,0.007674,0.001345,0.39963,0.000283,1.211334,0.743992,0.661314,0.654242,717,363,192,126,464,168,198,871,194,1070,28,109,570,466,73,578,74,351,56,853,189,1035,1096,1103,259,839,938,125,35,399,546,446,332,153,122
HotC_blocks_2025_234,1357,0.009904,0.001331,0.323731,0.000328,1.443813,0.808406,0.672252,0.661506,896,450,231,181,619,170,191,1097,327,1345,10,103,614,428,184,807,105,472,172,904,316,1190,1345,1349,754,603,674,648,35,620,1011,531,401,197,151
HotC_blocks_2025_235,1283,0.00969,0.001666,0.347129,0.000458,1.010559,0.751306,0.637106,0.660425,847,441,238,122,584,212,183,990,336,1263,39,156,576,331,139,653,84,474,139,1025,250,1186,1278,1295,477,806,982,273,28,553,917,559,344,229,181
HotC_blocks_2025_236,1322,0.007436,0.001045,0.469125,0.000464,1.392376,0.742795,0.709792,0.655858,878,460,190,191,516,222,207,1177,146,1306,28,129,521,517,91,807,59,509,69,846,230,1178,1294,1321,547,775,1130,129,63,440,906,542,361,199,190
HotC_blocks_2025_237,1235,0.008263,0.001142,0.440959,0.000462,1.160765,0.778809,0.702742,0.682099,814,421,211,119,546,168,178,1058,216,1190,31,170,651,545,168,618,65,459,106,889,260,1094,1242,1235,807,428,829,356,50,571,843,559,366,179,178
HotC_blocks_2025_238,1454,0.006077,0.001825,0.328544,0.000224,1.241464,0.754599,0.659714,0.710934,958,507,262,159,581,196,258,1101,427,1431,23,166,623,601,155,739,59,547,154,1148,228,1278,1421,1455,414,1040,1137,272,45,575,979,590,383,219,203
HotC_blocks_2025_239,1547,0.007506,0.001297,0.477889,0.0005,1.302212,0.828998,0.675997,0.703346,1017,523,214,215,700,228,248,1130,236,1500,37,223,556,387,170,861,128,499,122,1011,254,1404,1510,1544,473,1074,1189,284,74,755,779,616,377,241,208
HotC_blocks_2025_240,1223,0.009224,0.001132,0.442783,0.000274,1.076789,0.735002,0.658725,0.665544,801,420,215,128,446,196,171,1085,275,1189,12,62,485,339,136,652,75,426,97,742,188,1042,1222,1218,1030,193,744,420,59,433,594,531,325,191,166
HotC_blocks_2025_241,1498,0.007289,0.001558,0.472257,0.00019,1.464755,0.789912,0.709213,0.638961,977,519,272,174,646,242,213,1220,405,1461,18,194,624,375,218,926,118,558,84,949,271,1321,1492,1501,1030,468,954,486,58,487,965,592,404,258,165
HotC_blocks_2025_242,1144,0.009885,0.001118,0.49165,0.000136,1.038622,0.734658,0.680511,0.71503,753,398,189,146,508,146,184,1008,320,1142,41,71,588,379,170,680,72,392,94,703,274,1064,1116,1150,400,744,802,288,54,468,724,454,317,162,135
HotC_blocks_2025_243,1254,0.007301,0.001923,0.38347,0.000485,0.914502,0.760634,0.676619,0.719086,821,437,207,173,501,153,244,1111,250,1204,5,134,444,413,100,806,41,424,135,907,238,1104,1250,1262,918,336,672,549,33,481,746,514,353,184,172
HotC_blocks_2025_244,1088,0.009308,0.001844,0.413828,0.000253,1.460735,0.773212,0.663882,0.674611,719,369,144,155,440,158,161,762,162,1075,4,153,427,316,74,547,83,410,121,693,194,976,1096,1082,410,678,878,186,24,500,569,487,267,203,128
HotC_blocks_2025_245,1536,0.009514,0.001071,0.306492,0.000398,0.980011,0.7433,0.612237,0.634981,1006,508,233,214,603,236,223,1277,250,1520,8,214,612,492,222,945,79,591,127,950,383,1346,1542,1525,579,957,1212,292,32,646,758,697,473,244,217
HotC_blocks_2025_246,1485,0.006899,0.001195,0.33308,0.000411,1.037392,0.782664,0.655155,0.687961,991,515,233,135,597,217,257,1232,194,1464,10,185,620,582,81,863,107,464,192,1078,310,1314,1469,1487,458,1027,1265,178,42,447,802,668,450,211,220
HotC_blocks_2025_247,985,0.007927,0.001318,0.37215,0.000368,1.279556,0.753227,0.699748,0.716279,650,333,150,130,420,119,177,739,102,973,25,89,448,432,107,622,33,302,78,697,224,868,969,980,247,738,828,109,48,437,640,394,268,134,140
HotC_blocks_2025_248,1075,0.008025,0.001026,0.484949,0.000441,1.214555,0.752894,0.622162,0.666339,704,365,202,133,482,160,181,936,208,1069,12,67,560,395,149,739,35,365,94,779,246,943,1066,1079,236,839,749,290,36,345,647,426,341,142,150
HotC_blocks_2025_249,999,0.009384,0.001472,0.445391,0.0005,1.494159,0.804434,0.683959,0.654762,666,337,187,94,403,143,164,741,218,989,25,73,495,301,67,637,80,337,103,659,199,862,1007,1005,686,313,492,476,31,331,643,463,252,140,127
HotC_blocks_2025_250,1109,0.00681,0.00189,0.471809,0.000131,0.963833,0.779517,0.670922,0.657491,736,379,165,101,482,136,210,869,238,1103,38,96,434,449,103,597,93,343,58,669,235,1016,1089,1105,303,806,783,294,32,554,556,500,285,149,160
HotC_blocks_2025_251,1475,0.008228,0.001853,0.363011,0.000309,1.191223,0.765391,0.699146,0.646588,963,503,249,149,588,246,228,1229,365,1442,55,182,651,536,175,912,122,480,117,948,226,1260,1482,1480,529,946,1136,259,80,548,1073,657,384,241,193
HotC_blocks_2025_252,1525,0.008186,0.001506,0.344471,0.000318,0.984351,0.816969,0.677589,0.729364,994,510,278,173,620,246,261,1126,424,1465,54,83,736,403,183,772,122,513,90,1130,303,1325,1480,1522,315,1210,1149,314,62,478,1129,702,397,209,225
HotC_blocks_2025_253,962,0.007245,0.00149,0.454549,0.000167,1.360498,0.804945,0.663935,0.716584,627,328,150,110,370,127,140,721,148,951,1,110,379,256,77,524,60,313,141,762,186,894,933,962,365,597,820,106,36,386,542,409,267,169,109
HotC_blocks_2025_254,944,0.008587,0.001953,0.45891,0.000116,1.099386,0.777054,0.641452,0.700019,629,325,178,100,422,147,152,799,114,936,20,74,454,357,66,477,52,327,129,741,191,873,932,948,224,720,820,78,46,440,537,401,290,166,114
HotC_blocks_2025_255,1180,0.009796,0.00194,0.376465,0.000279,1.053591,0.796065,0.646454,0.70861,769,392,167,112,497,140,176,829,302,1171,7,146,515,351,132,632,88,347,172,724,245,1109,1145,1179,325,855,1018,109,53,452,751,480,315,193,157
HotC_blocks_2025_256,1430,0.008401,0.001977,0.428426,0.000112,1.334282,0.820547,0.689558,0.688383,948,500,193,185,555,212,252,1044,202,1408,7,109,739,451,141,984,62,470,158,1074,343,1346,1431,1422,272,1158,1047,317,66,441,1002,586,392,243,181
HotC_blocks_2025_257,1144,0.007144,0.001427,0.320387,0.000297,1.317928,0.757115,0.639671,0.714198,743,392,175,123,487,183,198,807,219,1119,24,133,404,400,124,650,80,357,93,906,211,1012,1136,1154,507,637,799,297,48,426,799,482,277,205,150
HotC_blocks_2025_258,957,0.00958,0.001674,0.340893,0.000473,1.058696,0.744989,0.618997,0.686338,624,318,141,102,402,152,177,720,142,955,0,132,373,420,80,562,69,333,78,680,213,817,928,956,209,748,772,159,26,392,463,374,233,179,110
HotC_blocks_2025_259,1112,0.007894,0.001802,0.447337,0.000219,0.935138,0.744256,0.693829,0.703121,737,369,187,151,496,123,201,782,268,1095,6,140,404,461,84,709,94,360,111,770,184,1010,1111,1121,454,658,801,267,44,359,646,508,319,192,130
HotC_blocks_2025_260,1512,0.008391,0.001799,0.326678,0.000144,1.453256,0.805115,0.668978,0.706919,995,521,230,158,654,204,300,1164,429,1507,14,196,660,655,143,981,87,472,105,1035,341,1376,1508,1505,470,1042,1038,420,54,456,757,668,436,268,181
HotC_blocks_2025_261,1320,0.008932,0.001269,0.389723,0.000453,1.482332,0.772457,0.69348,0.635335,880,452,210,189,586,168,247,950,349,1302,4,156,615,486,104,730,99,416,124,975,208,1200,1311,1324,371,949,969,318,33,650,845,608,361,197,192
HotC_blocks_2025_262,1497,0.007185,0.001545,0.344779,0.000278,1.190528,0.813164,0.699603,0.671462,973,519,210,190,542,200,298,1078,276,1455,54,204,595,398,168,849,105,438,94,1103,256,1400,1455,1488,669,828,1257,174,66,666,814,683,431,229,198
HotC_blocks_2025_263,1252,0.008169,0.001889,0.43512,0.0002,1.244151,0.824323,0.682292,0.698947,838,433,173,138,571,174,183,991,299,1251,16,126,658,401,76,863,74,426,140,752,304,1109,1234,1243,355,897,873,334,45,553,753,568,371,190,154
HotC_blocks_2025_264,1348,0.009353,0.001556,0.437994,0.000489,0.950209,0.820122,0.62261,0.669296,899,469,216,169,580,215,198,1161,264,1318,22,136,726,484,195,722,99,500,158,972,278,1261,1351,1337,1023,325,388,910,50,622,713,526,376,183,188
HotC_blocks_2025_265,979,0.008082,0.001724,0.373266,0.000115,1.4426,0.742779,0.704794,0.687188,642,332,156,89,387,151,167,733,163,973,20,100,530,307,95,648,73,309,63,724,172,922,954,975,193,786,721,202,56,318,466,447,301,176,138
HotC_blocks_2025_266,1007,0.009143,0.001321,0.307498,0.000467,0.983785,0.785178,0.637405,0.636519,655,334,135,136,411,131,166,891,284,995,35,82,429,375,113,600,54,391,133,691,224,883,980,1004,292,715,812,152,43,316,506,464,290,188,150
HotC_blocks_2025_267,1294,0.009255,0.001381,0.407699,0.000457,1.448278,0.751577,0.614359,0.660541,859,451,174,118,580,200,258,1008,237,1251,5,139,547,344,179,698,96,411,169,807,291,1112,1278,1300,297,997,934,332,28,431,627,523,410,211,166
HotC_blocks_2025_268,1376,0.006426,0.001346,0.329677,0.000354,1.469697,0.829673,0.647524,0.689901,917,457,235,157,523,184,198,1154,207,1338,6,187,617,501,147,800,57,501,86,854,304,1198,1351,1375,416,960,1023,287,66,493,752,584,364,260,196
HotC_blocks_2025_269,1454,0.006022,0.001043,0.348813,0.000146,1.220003,0.8158,0.683675,0.651561,956,494,259,204,655,204,264,1050,309,1410,25,164,583,378,74,733,44,437,107,936,361,1280,1417,1455,998,456,913,471,70,647,945,668,450,239,184
HotC_blocks_2025_270,1250,0.009273,0.001006,0.498399,0.000173,1.182149,0.817203,0.632504,0.67768,815,422,175,139,496,211,249,903,306,1202,1,75,678,547,86,665,55,426,133,805,282,1101,1258,1253,374,876,1037,172,41,608,624,491,345,222,176
HotC_blocks_2025_271,1440,0.008536,0.001844,0.352225,0.000139,1.269559,0.773469,0.652644,0.682675,946,493,189,213,651,239,233,1161,418,1434,45,130,666,588,111,900,114,519,141,1032,358,1310,1442,1446,914,526,842,543,55,441,752,579,447,210,166
HotC_blocks_2025_272,1107,0.0088,0.001006,0.394261,0.000148,1.409798,0.825845,0.705875,0.674196,733,378,167,129,405,174,170,876,217,1087,36,131,534,393,65,642,96,431,136,714,177,986,1111,1111,1052,55,856,227,24,457,578,496,326,165,129
HotC_blocks_2025_273,1143,0.007184,0.001871,0.300825,0.000108,1.179523,0.753871,0.678984,0.686556,744,380,175,115,502,154,166,910,135,1103,10,155,611,474,95,633,71,413,170,715,177,1050,1146,1150,1025,118,396,680,67,536,620,463,324,179,165
HotC_blocks_2025_274,1161,0.008475,0.001444,0.34922,0.000372,1.423946,0.767287,0.694154,0.673108,763,383,199,160,494,138,169,945,209,1134,44,142,501,294,62,739,93,418,105,703,286,1101,1151,1151,379,782,874,260,27,373,566,536,327,206,133
HotC_blocks_2025_275,1434,0.007317,0.001886,0.469522,0.000184,1.274574,0.737268,0.693671,0.647455,934,484,236,202,655,195,205,1218,305,1402,17,143,599,575,149,968,89,450,193,1020,244,1308,1411,1443,435,999,1121,228,85,662,714,591,381,242,201
HotC_blocks_2025_276,1378,0.008039,0.001404,0.380875,0.000191,0.910396,0.787491,0.631241,0.650833,899,459,181,179,551,198,245,1232,156,1345,13,134,735,544,160,810,96,404,149,979,254,1199,1381,1365,279,1099,1001,315,62,626,754,619,425,207,170
HotC_blocks_2025_277,957,0.006199,0.00135,0.323734,0.000112,0.967722,0.773125,0.678696,0.658928,638,324,180,140,418,158,174,841,140,931,28,88,495,407,76,636,37,309,97,617,198,868,936,962,335,622,662,244,51,331,440,434,276,130,127
HotC_blocks_2025_278,1515,0.009098,0.001209,0.390631,0.000162,1.474516,0.807874,0.683672,0.699021,997,527,203,209,578,196,259,1297,405,1489,24,219,604,622,168,871,45,507,117,940,238,1340,1506,1525,352,1163,1160,276,79,622,1066,653,436,236,216
HotC_blocks_2025_279,1050,0.008811,0.001614,0.402053,0.000274,1.255963,0.75334,0.704126,0.688879,689,355,187,104,408,158,166,901,132,1040,2,53,556,384,89,573,70,357,156,836,224,939,1039,1053,221,829,922,99,29,416,719,450,280,141,138
HotC_blocks_2025_280,1474,0.00846,0.001977,0.322263,0.000185,1.183857,0.826861,0.687181,0.719823,967,515,200,137,656,244,214,1065,157,1421,12,216,712,598,188,894,114,515,120,1049,299,1374,1487,1471,568,906,1216,227,31,549,933,588,462,198,216
HotC_blocks_2025_281,1028,0.006312,0.001885,0.46311,0.000347,1.466979,0.794643,0.631599,0.702864,681,359,146,129,450,133,167,902,185,1012,36,72,561,401,102,602,89,319,83,680,183,921,1037,1035,278,750,889,85,54,489,726,431,284,134,129
HotC_blocks_2025_282,995,0.006033,0.00197,0.386341,0.000488,0.984194,0.788737,0.630097,0.709007,662,330,183,101,419,168,191,886,167,959,7,99,506,278,115,561,50,354,96,758,164,924,967,988,698,297,712,242,41,340,689,449,250,157,140
HotC_blocks_2025_283,1538,0.007008,0.001326,0.315565,0.000299,0.988867,0.811155,0.652059,0.7065,1029,533,287,190,579,255,295,1342,367,1514,0,191,566,464,161,907,47,572,212,1132,313,1455,1499,1545,335,1203,1159,349,30,541,940,665,447,227,202
HotC_blocks_2025_284,1384,0.006287,0.001044,0.343451,0.000488,1.487543,0.795493,0.698011,0.651396,926,460,188,133,577,217,224,1239,258,1336,25,163,714,472,151,766,95,537,75,1075,285,1211,1395,1383,376,1008,982,341,61,667,719,553,332,222,207
HotC_blocks_2025_285,1361,0.007234,0.001877,0.456344,0.000106,1.390116,0.760053,0.624967,0.652633,897,460,200,136,593,230,254,1033,202,1318,7,143,641,532,160,760,67,487,115,874,255,1193,1324,1369,557,804,1014,309,38,515,638,555,412,242,160
HotC_blocks_2025_286,1489,0.006297,0.001992,0.431119,0.000317,1.359299,0.814008,0.690671,0.631654,973,510,227,221,635,249,226,1299,244,1488,9,151,757,501,144,1038,82,521,82,1144,319,1325,1445,1491,279,1210,1273,175,41,641,694,618,375,245,203
HotC_blocks_2025_287,1256,0.006198,0.001889,0.433095,0.000347,1.27554,0.759627,0.651514,0.709929,824,426,164,168,504,177,184,1128,201,1237,29,161,513,503,110,731,88,462,146,979,224,1180,1224,1260,660,596,864,359,33,469,602,547,311,175,142
HotC_blocks_2025_288,1101,0.009628,0.001072,0.42691,0.000374,1.220262,0.796698,0.633369,0.678964,724,365,184,131,426,152,205,947,253,1077,25,97,413,360,113,682,94,404,71,698,176,1017,1099,1111,828,273,504,544,53,471,682,493,301,149,122
HotC_blocks_2025_289,1071,0.009659,0.001575,0.447638,0.000296,0.917315,0.73642,0.663792,0.701879,700,368,191,122,465,143,193,913,319,1042,17,71,418,416,151,620,43,341,102,704,185,989,1039,1071,421,650,794,228,49,416,593,489,322,159,122
HotC_blocks_2025_290,1049,0.008234,0.00138,0.472661,0.000364,1.332723,0.745066,0.698317,0.646704,686,348,164,150,404,138,200,863,262,1016,30,76,574,379,125,549,47,318,93,689,234,903,1049,1039,248,801,843,183,23,442,600,435,305,163,119
HotC_blocks_2025_291,1002,0.009114,0.001056,0.405013,0.000133,1.402374,0.791301,0.627245,0.632074,651,340,174,97,382,129,153,779,212,989,38,143,464,397,145,517,30,293,106,754,187,906,992,993,269,733,707,242,53,461,669,454,294,170,136
HotC_blocks_2025_292,1281,0.007453,0.00173,0.359729,0.000317,1.160013,0.757662,0.707469,0.655875,840,426,229,160,539,203,205,946,178,1267,31,90,485,351,144,640,39,421,152,946,247,1177,1269,1293,290,991,1065,152,64,454,723,538,332,199,165
HotC_blocks_2025_293,1534,0.00906,0.001159,0.418554,0.000458,0.965272,0.777291,0.685035,0.691149,1000,518,246,229,579,259,249,1135,280,1510,13,121,799,689,125,812,119,536,92,1210,242,1399,1513,1535,369,1165,1209,263,62,533,1100,717,464,249,227
HotC_blocks_2025_294,1080,0.006336,0.001517,0.345012,0.000264,1.426109,0.782751,0.643422,0.650789,719,369,170,111,424,180,184,842,220,1070,14,73,504,413,130,730,56,321,157,741,229,989,1071,1073,413,667,863,191,26,342,596,448,341,191,147
HotC_blocks_2025_295,1379,0.007646,0.001715,0.397403,0.00027,1.1553,0.817188,0.649523,0.66334,905,460,250,136,621,175,267,1183,298,1360,17,148,563,455,174,756,110,451,142,1087,300,1261,1376,1390,344,1035,1232,113,34,503,854,635,418,225,155
HotC_blocks_2025_296,1263,0.007467,0.001622,0.312985,0.000312,1.440879,0.800543,0.689708,0.698168,826,419,227,166,527,153,222,892,156,1228,22,78,472,499,135,766,72,489,69,803,271,1090,1254,1264,1034,229,902,292,69,411,808,565,319,212,141
HotC_blocks_2025_297,1034,0.008911,0.001184,0.402297,0.000137,1.452532,0.764396,0.700813,0.724488,672,350,135,149,425,118,151,803,297,1021,35,89,370,459,53,712,53,300,122,823,254,895,1010,1035,603,431,180,807,47,485,632,437,328,170,149
HotC_blocks_2025_298,1028,0.00824,0.001631,0.34842,0.000273,1.053219,0.818442,0.621255,0.697974,673,349,152,112,396,159,166,868,196,1009,22,151,435,299,145,549,82,313,119,647,249,931,1010,1020,290,738,852,132,44,394,513,413,304,193,122
HotC_blocks_2025_299,1192,0.00844,0.00156,0.482939,0.00037,1.14224,0.816238,0.628106,0.684424,797,408,213,154,529,198,186,874,234,1177,10,60,498,528,142,691,49,388,79,740,286,1132,1164,1181,323,869,992,167,33,542,791,525,323,219,177
HotC_blocks_2025_300,998,0.006128,0.001046,0.368903,0.000135,1.187566,0.802871,0.66669,0.649643,661,343,185,98,428,164,169,770,133,992,15,142,518,324,107,504,45,360,117,669,230,871,986,997,667,331,540,418,40,331,560,442,313,178,121
HotC_blocks_2025_301,938,0.007403,0.001241,0.312464,0.000172,0.974699,0.821488,0.624027,0.683765,620,319,127,102,342,125,141,761,223,920,16,83,486,275,115,611,51,299,91,580,145,807,916,938,382,556,630,254,54,438,524,371,267,153,135
HotC_blocks_2025_302,1165,0.009865,0.001153,0.44852,0.000243,1.249071,0.739955,0.640641,0.680086,762,397,166,150,524,134,178,1012,263,1122,22,82,454,510,146,744,51,351,159,700,219,1022,1156,1159,310,855,981,127,57,397,675,514,304,178,162
HotC_blocks_2025_303,1378,0.008117,0.00101,0.367693,0.000259,1.103504,0.773627,0.673267,0.642113,903,468,205,205,555,223,267,1195,150,1375,7,73,596,398,94,768,61,493,94,976,342,1230,1372,1390,638,740,237,1081,60,452,992,556,369,210,176
HotC_blocks_2025_304,999,0.009209,0.00172,0.304426,0.000326,1.348496,0.774463,0.704494,0.712381,662,330,168,144,397,160,158,813,229,986,35,73,402,390,67,592,31,303,117,748,161,871,972,997,216,783,752,216,31,434,727,417,266,164,119
HotC_blocks_2025_305,1020,0.007305,0.001961,0.336539,0.000224,1.205936,0.816303,0.651667,0.704387,680,342,156,113,452,114,161,852,217,997,22,71,444,357,142,563,83,361,53,759,156,968,1025,1015,256,764,830,157,33,432,509,466,311,161,146
HotC_blocks_2025_306,1469,0.009143,0.001556,0.471419,0.000193,1.38359,0.747931,0.691312,0.724046,964,500,248,139,601,193,282,1285,352,1448,43,127,632,529,211,947,92,539,127,1096,280,1289,1460,1474,448,1021,1044,343,82,544,1080,647,445,252,173
HotC_blocks_2025_307,1214,0.007838,0.001078,0.491945,0.000452,1.35281,0.823347,0.632013,0.713637,805,421,215,134,531,152,193,875,348,1179,25,108,657,384,155,814,68,397,151,950,273,1059,1220,1211,737,477,360,801,53,581,608,514,372,159,138
HotC_blocks_2025_308,1345,0.008379,0.001027,0.31294,0.000394,1.093135,0.764697,0.630839,0.674562,875,451,217,158,618,179,219,1076,185,1338,30,93,684,345,199,905,87,405,96,882,234,1210,1355,1343,482,863,1181,116,48,614,934,624,398,194,175
HotC_blocks_2025_309,1245,0.008588,0.001554,0.433367,0.000472,1.312366,0.762045,0.629874,0.715464,814,414,177,150,463,207,246,1113,134,1242,49,179,602,485,77,840,41,400,185,852,203,1178,1256,1237,1138,107,942,276,27,440,580,577,364,228,172
HotC_blocks_2025_310,969,0.008212,0.001859,0.320314,0.000239,1.222952,0.811129,0.631644,0.710293,637,323,170,92,398,110,156,794,204,945,16,70,427,426,130,512,30,371,99,685,221,854,958,978,597,372,647,273,49,347,442,451,245,126,115
HotC_blocks_2025_311,1093,0.009286,0.001973,0.311648,0.000162,0.963188,0.798342,0.670601,0.665934,711,374,179,105,492,133,201,958,235,1060,13,151,447,436,162,765,67,407,162,737,191,941,1066,1100,370,723,811,234,48,338,777,462,311,143,161
HotC_blocks_2025_312,1117,0.009392,0.001752,0.389938,0.000345,1.312971,0.781274,0.657565,0.69451,738,382,186,148,473,157,202,882,165,1072,25,121,608,360,99,603,38,410,83,806,244,1002,1122,1115,290,827,968,126,23,355,598,522,317,170,162
HotC_blocks_2025_313,1442,0.009541,0.001482,0.439495,0.000121,1.220549,0.760126,0.638497,0.668966,937,489,229,204,583,190,287,1174,280,1412,46,121,616,578,82,970,80,502,181,941,344,1366,1427,1454,266,1176,1196,205,41,524,741,666,449,196,166
HotC_blocks_2025_314,1166,0.006887,0.00122,0.489445,0.000482,1.494279,0.810766,0.628818,0.651198,765,392,218,160,504,141,226,1009,154,1159,12,67,561,443,69,657,104,417,143,749,184,1023,1142,1159,273,893,851,284,31,458,529,499,285,219,165
HotC_blocks_2025_315,1439,0.009443,0.001488,0.30537,0.000383,1.133219,0.783115,0.699379,0.655674,942,482,216,138,618,176,281,1069,217,1398,44,133,739,585,205,937,47,537,206,1149,233,1311,1407,1432,548,891,1051,359,29,442,905,605,447,213,183
HotC_blocks_2025_316,1475,0.007092,0.001908,0.392907,0.00027,1.409852,0.761198,0.691747,0.642227,964,514,266,167,625,245,225,1049,306,1424,11,205,518,609,150,902,103,491,90,915,332,1286,1432,1489,1050,425,784,613,78,479,723,672,462,261,174
HotC_blocks_2025_317,1042,0.006385,0.001286,0.473892,0.000129,1.425531,0.782429,0.650827,0.660968,683,350,190,139,444,164,161,858,200,1032,12,119,548,344,59,628,52,372,151,726,204,953,1015,1036,444,598,867,126,49,471,731,430,327,170,143
